action,event_pk,rn,date,work_area,organization,project,survey,sampling_bout,site_id,lat,long,gather_lat,gather_long,collection_method,line_out_depth,pressure_transducer_depth,volume,collected,preserved,analyzed,lab_technician,project_specific_id,hakai_id,is_blank,is_solid_standard,filter_size_mm,filter_type,acetone_volume_ml,flurometer_serial_no,calibration,acid_ratio_correction_factor,acid_coefficient,calibration_slope,before_acid,after_acid,acid_flag,dilution_factor,chla,chla_flag,chla_final,phaeo,phaeo_flag,phaeo_final,analyzing_lab,row_flag,quality_level,comments,quality_log
,619887,1,2021-01-11,CALVERT,HAKAI,OCEANOGRAPHY,KWAK,1,KC10,51.6505000000001,-127.9516,51.651099,-127.948051,,0,,250,2021-01-11T17:47:59.000Z,2021-01-11T19:58:19.000Z,2021-06-13T01:18:00.000Z,chris.mackenzie;chris.osullivan;jonathan.bergshoeff,,CHL13413,,,,20um,10,720001154,2019-05-09T07:00:00.000Z,2.35049298023632,1.7404703427818,0.00050771033855026,3999.31,2788.16,,1,0.057813982999971085,,,0.04073685423360853,,,HAKAI,Results,Technicianm,,1: CHL QCd by CM2: Event metadata QCd by CM
,619887,1,2021-01-11,CALVERT,HAKAI,OCEANOGRAPHY,KWAK,1,KC10,51.6505000000001,-127.9516,51.651099,-127.948051,,0,,250,2021-01-11T17:47:59.000Z,2021-01-11T19:58:19.000Z,2021-06-13T01:16:18.000Z,chris.mackenzie;chris.osullivan;jonathan.bergshoeff,,CHL13414,,,,Bulk GF/F,10,720001154,2019-05-09T07:00:00.000Z,2.35049298023632,1.7404703427818,0.00050771033855026,17910.04,12635.57,,1,0.2517756833702328,,,0.1948435932937685,,,HAKAI,Results,Technicianm,,1: CHL QCd by CM2: Event metadata QCd by CM
,619887,1,2021-01-11,CALVERT,HAKAI,OCEANOGRAPHY,KWAK,1,KC10,51.6505000000001,-127.9516,51.651099,-127.948051,,0,,250,2021-01-11T17:47:59.000Z,2021-01-11T19:58:19.000Z,2021-06-13T02:32:47.000Z,chris.mackenzie;chris.osullivan;jonathan.bergshoeff,,CHL13415,,,,3um,10,720001154,2019-05-09T07:00:00.000Z,2.35049298023632,1.7404703427818,0.00050771033855026,4753.57,3222.95,,1,0.07306381427520599,,,0.040855193551448676,,,HAKAI,Results,Technicianm,,1: CHL QCd by CM2: Event metadata QCd by CM
,619887,1,2021-01-11,CALVERT,HAKAI,OCEANOGRAPHY,KWAK,1,KC10,51.6505000000001,-127.9516,51.651099,-127.948051,,0,,250,2021-01-11T17:47:59.000Z,2021-01-11T19:58:19.000Z,2021-06-13T01:33:18.000Z,chris.mackenzie;chris.osullivan;jonathan.bergshoeff,,CHL13416,,,,GF/F,10,720001154,2019-05-09T07:00:00.000Z,2.35049298023632,1.7404703427818,0.00050771033855026,6679.28,5101.63,,1,0.07530878114181098,,,0.10501440969226843,,,HAKAI,Results,Technicianm,,1: CHL QCd by CM2: Event metadata QCd by CM
,622399,1,2021-02-10,CALVERT,HAKAI,OCEANOGRAPHY,KWAK,2,KC10,51.6505000000001,-127.9516,,,,0,,250,2021-02-10T18:11:14.000Z,2021-02-10T22:06:01.000Z,2021-06-13T01:32:00.000Z,chris.osullivan;eva.jordison,,CHL13457,,,,20um,10,720001154,2019-05-09T07:00:00.000Z,2.35049298023632,1.7404703427818,0.00050771033855026,8964.81,6158.55,,1,0.13395621346117234,,,0.0837250740706989,,,HAKAI,Results,Technicianm,,1: Event metadata QCd by EJ2: Chlorophyll metadata QCd by EJ'
,622399,1,2021-02-10,CALVERT,HAKAI,OCEANOGRAPHY,KWAK,2,KC10,51.6505000000001,-127.9516,,,,0,,250,2021-02-10T18:11:14.000Z,2021-02-10T22:06:01.000Z,2021-07-03T17:45:26.000Z,chris.osullivan;eva.jordison,,CHL13458,,,,3um,10,720001154,2019-05-09T07:00:00.000Z,2.35049298023632,1.7404703427818,0.00050771033855026,9797.56,6651.89,,1,0.15015787631880365,,,0.08496110131722738,,,HAKAI,Results,Technicianm,,1: Event metadata QCd by EJ2: Chlorophyll metadata QCd by EJ'
,622399,1,2021-02-10,CALVERT,HAKAI,OCEANOGRAPHY,KWAK,2,KC10,51.6505000000001,-127.9516,,,,0,,250,2021-02-10T18:11:14.000Z,2021-02-10T22:06:01.000Z,2021-06-13T01:23:44.000Z,chris.osullivan;eva.jordison,,CHL13459,,,,GF/F,10,720001154,2019-05-09T07:00:00.000Z,2.35049298023632,1.7404703427818,0.00050771033855026,15325.96,10714.28,,1,0.22013754623399798,,,0.15857144620366623,,,HAKAI,Results,Technicianm,,1: Event metadata QCd by EJ2: Chlorophyll metadata QCd by EJ'
,622399,1,2021-02-10,CALVERT,HAKAI,OCEANOGRAPHY,KWAK,2,KC10,51.6505000000001,-127.9516,,,,0,,250,2021-02-10T18:11:14.000Z,2021-02-10T22:06:01.000Z,2021-06-13T02:30:25.000Z,chris.osullivan;eva.jordison,,CHL13460,,,,Bulk GF/F,10,720001154,2019-05-09T07:00:00.000Z,2.35049298023632,1.7404703427818,0.00050771033855026,31240.23,21457.77,,1,0.46696360990620245,,,0.291486837222222,,,HAKAI,Results,Technicianm,,1: Event metadata QCd by EJ2: Chlorophyll metadata QCd by EJ'
,629692,1,2021-03-14,CALVERT,HAKAI,OCEANOGRAPHY,KWAK,1,KC10,51.6505000000001,-127.9516,,,,0,,250,2021-03-14T17:48:12.000Z,2021-03-14T22:33:08.000Z,2021-09-04T17:28:12.000Z,chris.mackenzie;jonathan.bergshoeff;Jennifer Jackson,,CHL13522,,,,20um,10,720001154,2019-05-09T07:00:00.000Z,2.35049298023632,1.7404703427818,0.00050771033855026,13004.68,9052.3,,1,0.18866600349207424,,,0.13129832563162477,,,HAKAI,Results,Technicianm,,1: Event metadata QCd by CM2: chl metadata qcd by cm
,629692,1,2021-03-14,CALVERT,HAKAI,OCEANOGRAPHY,KWAK,1,KC10,51.6505000000001,-127.9516,,,,0,,250,2021-03-14T17:48:12.000Z,2021-03-14T22:33:08.000Z,2021-09-04T17:26:51.000Z,chris.mackenzie;jonathan.bergshoeff;Jennifer Jackson,,CHL13523,,,,3um,10,720001154,2019-05-09T07:00:00.000Z,2.35049298023632,1.7404703427818,0.00050771033855026,11290.44,7928.31,,1,0.16049054754876999,,,0.11974501581465312,,,HAKAI,Results,Technicianm,,1: Event metadata QCd by CM2: chl metadata qcd by cm
,629692,1,2021-03-14,CALVERT,HAKAI,OCEANOGRAPHY,KWAK,1,KC10,51.6505000000001,-127.9516,,,,0,,250,2021-03-14T17:48:12.000Z,2021-03-14T22:33:08.000Z,2021-09-04T17:27:37.000Z,chris.mackenzie;jonathan.bergshoeff;Jennifer Jackson,,CHL13524,,,,GF/F,10,720001154,2019-05-09T07:00:00.000Z,2.35049298023632,1.7404703427818,0.00050771033855026,16655.17,12078.92,,1,0.21844630285564764,,,0.2084975163216701,,,HAKAI,Results,Technicianm,,1: Event metadata QCd by CM2: chl metadata qcd by cm
,629692,1,2021-03-14,CALVERT,HAKAI,OCEANOGRAPHY,KWAK,1,KC10,51.6505000000001,-127.9516,,,,0,,225,2021-03-14T17:48:12.000Z,2021-03-14T22:33:08.000Z,2021-09-04T17:28:49.000Z,chris.mackenzie;jonathan.bergshoeff;Jennifer Jackson,,CHL13525,,,,Bulk GF/F,10,720001154,2019-05-09T07:00:00.000Z,2.35049298023632,1.7404703427818,0.00050771033855026,30616.17,21956.88,,1,0.45927703683993604,,,0.4030475017794165,,,HAKAI,Results,Technicianm,,1: Event metadata QCd by CM2: chl metadata qcd by cm. 25ml spilled
,628505,1,2021-04-10,CALVERT,HAKAI,OCEANOGRAPHY,KWAK,1,KC10,51.6505000000001,-127.9516,,,,0,,250,2021-04-10T16:31:00.000Z,2021-04-10T20:32:00.000Z,2021-06-10T19:32:05.000Z,chris.osullivan;eva.jordison;Finn Short,,CHL13544,,,,20um,10,720001154,2019-05-09T07:00:00.000Z,2.35049298023632,1.7404703427818,0.00050771033855026,241916.57,151267.45,,3,12.98134834490114,,,3.058836411736197,,,HAKAI,Results,Technicianm,,1: chl metadata qcd by CM2: Event QC'd by CO
,628505,1,2021-04-10,CALVERT,HAKAI,OCEANOGRAPHY,KWAK,1,KC10,51.6505000000001,-127.9516,,,,0,,250,2021-04-10T16:31:00.000Z,2021-04-10T20:32:00.000Z,2021-06-10T20:59:05.000Z,chris.osullivan;eva.jordison;Finn Short,,CHL13545,,,,3um,10,720001154,2019-05-09T07:00:00.000Z,2.35049298023632,1.7404703427818,0.00050771033855026,47895.55,31405.1,,1,0.7871680600766818,,,0.32288261793472767,,,HAKAI,Results,Technicianm,,1: chl metadata qcd by CM2: Event QC'd by CO
,628505,1,2021-04-10,CALVERT,HAKAI,OCEANOGRAPHY,KWAK,1,KC10,51.6505000000001,-127.9516,,,,0,,250,2021-04-10T16:31:00.000Z,2021-04-10T20:32:00.000Z,2021-06-10T19:31:29.000Z,chris.osullivan;eva.jordison;Finn Short,,CHL13546,,,,GF/F,10,720001154,2019-05-09T07:00:00.000Z,2.35049298023632,1.7404703427818,0.00050771033855026,78935.38,51844.46,,1,1.2931792002093685,,,0.5393250100665227,,,HAKAI,Results,Technicianm,,1: chl metadata qcd by CM2: Event QC'd by CO
,628505,1,2021-04-10,CALVERT,HAKAI,OCEANOGRAPHY,KWAK,1,KC10,51.6505000000001,-127.9516,,,,0,,250,2021-04-10T16:31:00.000Z,2021-04-10T20:32:00.000Z,2021-06-10T21:38:26.000Z,chris.osullivan;eva.jordison;Finn Short,,CHL13547,,,,Bulk GF/F,10,720001154,2019-05-09T07:00:00.000Z,2.35049298023632,1.7404703427818,0.00050771033855026,376985.34,238059.76,,3,19.894747439329038,,,5.348770141754934,,,HAKAI,Results,Technicianm,,1: chl metadata qcd by CM2: Event QC'd by CO
,628978,1,2021-05-06,CALVERT,HAKAI,OCEANOGRAPHY,KWAK,1,KC10,51.6505000000001,-127.9516,51.650191,-127.951297,,0,,250,2021-05-06T16:17:00.000Z,2021-05-06T20:17:00.000Z,2021-06-10T20:18:37.000Z,chris.mackenzie;chris.osullivan;Sejal Pramlall,,CHL13588,,,,20um,10,720001154,2019-05-09T07:00:00.000Z,2.35049298023632,1.7404703427818,0.00050771033855026,13471.02,9183.83,,1,0.20464808634574247,,,0.11996532734316548,,,HAKAI,Results,Technicianm,,1: Chlorophly metadata QCd by MA2: Event Metadata QCd by MA
,628978,1,2021-05-06,CALVERT,HAKAI,OCEANOGRAPHY,KWAK,1,KC10,51.6505000000001,-127.9516,51.650191,-127.951297,,0,,250,2021-05-06T16:17:00.000Z,2021-05-06T20:17:00.000Z,2021-06-10T20:20:37.000Z,chris.mackenzie;chris.osullivan;Sejal Pramlall,,CHL13589,,,,3um,10,720001154,2019-05-09T07:00:00.000Z,2.35049298023632,1.7404703427818,0.00050771033855026,6525.62,4396.43,,1,0.10163642361698257,,,0.053760632986234826,,,HAKAI,Results,Technicianm,,1: Chlorophly metadata QCd by MA2: Event Metadata QCd by MA
,628978,1,2021-05-06,CALVERT,HAKAI,OCEANOGRAPHY,KWAK,1,KC10,51.6505000000001,-127.9516,51.650191,-127.951297,,0,,250,2021-05-06T16:17:00.000Z,2021-05-06T20:17:00.000Z,2021-06-10T20:09:18.000Z,chris.mackenzie;chris.osullivan;Sejal Pramlall,,CHL13590,,,,GF/F,10,720001154,2019-05-09T07:00:00.000Z,2.35049298023632,1.7404703427818,0.00050771033855026,10563.7,7372.82,,1,0.1523159658794928,,,0.10828514157936192,,,HAKAI,Results,Technicianm,,1: Chlorophly metadata QCd by MA2: Event Metadata QCd by MA
,628978,1,2021-05-06,CALVERT,HAKAI,OCEANOGRAPHY,KWAK,1,KC10,51.6505000000001,-127.9516,51.650191,-127.951297,,0,,250,2021-05-06T16:17:00.000Z,2021-05-06T20:17:00.000Z,2021-06-10T20:19:18.000Z,chris.mackenzie;chris.osullivan;Sejal Pramlall,,CHL13591,,,,Bulk GF/F,10,720001154,2019-05-09T07:00:00.000Z,2.35049298023632,1.7404703427818,0.00050771033855026,24553.18,16565.89,,1,0.3812715586639467,,,0.20426956129308027,,,HAKAI,Results,Technicianm,,1: Chlorophly metadata QCd by MA2: Event Metadata QCd by MA
,634777,1,2021-06-05,CALVERT,HAKAI,OCEANOGRAPHY,KWAK,1,KC10,51.6505000000001,-127.9516,51.650758,-127.949516,,0,,250,2021-06-05T15:39:00.000Z,2021-06-05T18:31:00.000Z,2021-06-24T00:30:07.000Z,carrie.weekes;chris.mackenzie;chris.osullivan;eva.jordison,,CHL13732,,,,20um,10,720001154,2019-05-09T07:00:00.000Z,2.35049298023632,1.7404703427818,0.00050771033855026,119617.95,78392.7,,1,1.967878382256168,,,0.8030050024853239,,,HAKAI,Results,Technicianm,,1: Event metadata QCd by CM2: CHL metadata QC'd by CO
,634777,1,2021-06-05,CALVERT,HAKAI,OCEANOGRAPHY,KWAK,1,KC10,51.6505000000001,-127.9516,51.650758,-127.949516,,0,,250,2021-06-05T15:39:00.000Z,2021-06-05T18:31:00.000Z,2021-06-24T00:32:47.000Z,carrie.weekes;chris.mackenzie;chris.osullivan;eva.jordison,,CHL13733,,,,3um,10,720001154,2019-05-09T07:00:00.000Z,2.35049298023632,1.7404703427818,0.00050771033855026,15013.28,10336.04,,1,0.22326703863830635,,,0.14207261033440985,,,HAKAI,Results,Technicianm,,1: Event metadata QCd by CM2: CHL metadata QC'd by CO
,634777,1,2021-06-05,CALVERT,HAKAI,OCEANOGRAPHY,KWAK,1,KC10,51.6505000000001,-127.9516,51.650758,-127.949516,,0,,250,2021-06-05T15:39:00.000Z,2021-06-05T18:31:00.000Z,2021-06-24T00:27:31.000Z,carrie.weekes;chris.mackenzie;chris.osullivan;eva.jordison,,CHL13734,,,,GF/F,10,720001154,2019-05-09T07:00:00.000Z,2.35049298023632,1.7404703427818,0.00050771033855026,8595.04,6954.09,,1,0.07833039293547665,,,0.16747020376545294,,,HAKAI,Results,Technicianm,,1: Event metadata QCd by CM2: CHL metadata QC'd by CO
,634777,1,2021-06-05,CALVERT,HAKAI,OCEANOGRAPHY,KWAK,1,KC10,51.6505000000001,-127.9516,51.650758,-127.949516,,0,,250,2021-06-05T15:39:00.000Z,2021-06-05T18:31:00.000Z,2021-06-24T00:48:01.000Z,carrie.weekes;chris.mackenzie;chris.osullivan;eva.jordison,,CHL13735,,,,Bulk GF/F,10,720001154,2019-05-09T07:00:00.000Z,2.35049298023632,1.7404703427818,0.00050771033855026,166448.29,106303.14,,1,2.8710157120346045,,,0.8863954292049335,,,HAKAI,Results,Technicianm,,1: Event metadata QCd by CM2: CHL metadata QC'd by CO
,636940,1,2021-07-04,CALVERT,HAKAI,OCEANOGRAPHY,KWAK,1,KC10,51.6505000000001,-127.9516,51.6501323,-127.9516379,,0,,250,2021-07-04T20:43:00.000Z,2021-07-04T23:09:00.000Z,2021-11-25T19:09:36.000Z,chris.mackenzie,,CHL13776,,,,Bulk GF/F,10,720001154,2019-05-09T07:00:00.000Z,2.35049298023632,1.7404703427818,0.00050771033855026,98836.72,68218.21,,1,1.4615679450311228,,,0.9496859679710562,,,HAKAI,Results,Technicianm,,1: extra nutreint ID is for 3x UofA samples at 0m. No zooplankton - hauler failed. Event metadata QCd by CM2: chl metadata qcd by cm
,636940,1,2021-07-04,CALVERT,HAKAI,OCEANOGRAPHY,KWAK,1,KC10,51.6505000000001,-127.9516,51.6501323,-127.9516379,,0,,250,2021-07-04T20:43:00.000Z,2021-07-04T23:09:00.000Z,2021-11-25T19:11:20.000Z,chris.mackenzie,,CHL13777,,,,20um,10,720001154,2019-05-09T07:00:00.000Z,2.35049298023632,1.7404703427818,0.00050771033855026,55333.85,39831.16,,1,0.7400175503561258,,,0.6678622578272887,,,HAKAI,Results,Technicianm,,1: extra nutreint ID is for 3x UofA samples at 0m. No zooplankton - hauler failed. Event metadata QCd by CM2: chl metadata qcd by cm
,636940,1,2021-07-04,CALVERT,HAKAI,OCEANOGRAPHY,KWAK,1,KC10,51.6505000000001,-127.9516,51.6501323,-127.9516379,,0,,250,2021-07-04T20:43:00.000Z,2021-07-04T23:09:00.000Z,2021-11-25T19:10:48.000Z,chris.mackenzie,,CHL13778,,,,3um,10,720001154,2019-05-09T07:00:00.000Z,2.35049298023632,1.7404703427818,0.00050771033855026,6829.15,4627.5,,1,0.10509528602723556,,,0.0584692150409922,,,HAKAI,Results,Technicianm,,1: extra nutreint ID is for 3x UofA samples at 0m. No zooplankton - hauler failed. Event metadata QCd by CM2: chl metadata qcd by cm
,636940,1,2021-07-04,CALVERT,HAKAI,OCEANOGRAPHY,KWAK,1,KC10,51.6505000000001,-127.9516,51.6501323,-127.9516379,,0,,250,2021-07-04T20:43:00.000Z,2021-07-04T23:09:00.000Z,2021-11-25T19:10:16.000Z,chris.mackenzie,,CHL13779,,,,GF/F,10,720001154,2019-05-09T07:00:00.000Z,2.35049298023632,1.7404703427818,0.00050771033855026,4457.76,3423.26,,1,0.04938163349995466,,,0.07161756994182196,,,HAKAI,Results,Technicianm,,1: extra nutreint ID is for 3x UofA samples at 0m. No zooplankton - hauler failed. Event metadata QCd by CM2: chl metadata qcd by cm
,637689,1,2021-08-05,CALVERT,HAKAI,OCEANOGRAPHY,KWAK,1,KC10,51.6505000000001,-127.9516,,,,0,,250,2021-08-05T17:50:00.000Z,2021-08-05T18:24:00.000Z,2021-09-04T18:09:57.000Z,chris.mackenzie,,CHL13868,,,,20um,10,720001154,2019-05-09T07:00:00.000Z,2.35049298023632,1.7404703427818,0.00050771033855026,176124.57,129812.68,,1,2.210688041247187,,,2.3776958024112673,,,HAKAI,Results,Technicianm,,1: Event metadata QCd by EJ2: Sample metadata QCd by EJ
,637689,1,2021-08-05,CALVERT,HAKAI,OCEANOGRAPHY,KWAK,1,KC10,51.6505000000001,-127.9516,,,,0,,250,2021-08-05T17:50:00.000Z,2021-08-05T18:24:00.000Z,2021-09-04T18:10:33.000Z,chris.mackenzie,,CHL13869,,,,3um,10,720001154,2019-05-09T07:00:00.000Z,2.35049298023632,1.7404703427818,0.00050771033855026,13925.89,9355.93,,1,0.21814605106761992,,,0.1125504421747926,,,HAKAI,Results,Technicianm,,1: Event metadata QCd by EJ2: Sample metadata QCd by EJ
,637689,1,2021-08-05,CALVERT,HAKAI,OCEANOGRAPHY,KWAK,1,KC10,51.6505000000001,-127.9516,,,,0,,250,2021-08-05T17:50:00.000Z,2021-08-05T18:24:00.000Z,2021-09-04T18:09:20.000Z,chris.mackenzie,,CHL13870,,,,GF/F,10,720001154,2019-05-09T07:00:00.000Z,2.35049298023632,1.7404703427818,0.00050771033855026,10163.85,7741.85,,1,0.1156136455649011,,,0.15803126693538172,,,HAKAI,Results,Technicianm,,1: Event metadata QCd by EJ2: Sample metadata QCd by EJ
,637689,1,2021-08-05,CALVERT,HAKAI,OCEANOGRAPHY,KWAK,1,KC10,51.6505000000001,-127.9516,,,,0,,250,2021-08-05T17:50:00.000Z,2021-08-05T18:24:00.000Z,2021-09-04T18:08:43.000Z,chris.mackenzie,,CHL13871,,,,Bulk GF/F,10,720001154,2019-05-09T07:00:00.000Z,2.35049298023632,1.7404703427818,0.00050771033855026,279256.59,188265.51,,1,4.343439501522528,,,2.311029263794692,,,HAKAI,Results,Technicianm,,1: Event metadata QCd by EJ2: Sample metadata QCd by EJ
,638512,1,2021-09-05,CALVERT,HAKAI,OCEANOGRAPHY,KWAK,2,KC10,51.6505000000001,-127.9516,,,,0,,250,2021-09-05T16:16:00.000Z,2021-09-05T18:29:00.000Z,2021-11-26T14:48:11.000Z,chris.mackenzie;isabelle.desmarais;Sejal Pramlall,,CHL13917,,,,20um,10,720001154,2019-05-09T07:00:00.000Z,2.35049298023632,1.7404703427818,0.00050771033855026,167073.07,102651.26,,1,3.075161151110405,,,0.5531699403914678,,,HAKAI,Results,Technicianm,,1: chl metadata qcd by cm
,638512,1,2021-09-05,CALVERT,HAKAI,OCEANOGRAPHY,KWAK,2,KC10,51.6505000000001,-127.9516,,,,0,,250,2021-09-05T16:16:00.000Z,2021-09-05T18:29:00.000Z,2021-11-26T14:48:45.000Z,chris.mackenzie;isabelle.desmarais;Sejal Pramlall,,CHL13932,,,,3um,10,720001154,2019-05-09T07:00:00.000Z,2.35049298023632,1.7404703427818,0.00050771033855026,25510.62,16884.84,,1,0.4117497405618549,,,0.185065047167341,,,HAKAI,Results,Technicianm,,1: chl metadata qcd by cm
,638512,1,2021-09-05,CALVERT,HAKAI,OCEANOGRAPHY,KWAK,2,KC10,51.6505000000001,-127.9516,,,,0,,250,2021-09-05T16:16:00.000Z,2021-09-05T18:29:00.000Z,2021-11-26T14:49:16.000Z,chris.mackenzie;isabelle.desmarais;Sejal Pramlall,,CHL13933,,,,GF/F,10,720001154,2019-05-09T07:00:00.000Z,2.35049298023632,1.7404703427818,0.00050771033855026,17601.87,12178.46,,1,0.2588853020202891,,,0.17157687705682997,,,HAKAI,Results,Technicianm,,1: chl metadata qcd by cm
,638512,1,2021-09-05,CALVERT,HAKAI,OCEANOGRAPHY,KWAK,2,KC10,51.6505000000001,-127.9516,,,,0,,250,2021-09-05T16:16:00.000Z,2021-09-05T18:29:00.000Z,2021-11-26T14:49:48.000Z,chris.mackenzie;isabelle.desmarais;Sejal Pramlall,,CHL13934,,,,Bulk GF/F,10,720001154,2019-05-09T07:00:00.000Z,2.35049298023632,1.7404703427818,0.00050771033855026,240060.12,157423.56,,3,11.833914894974422,,,4.859054990136898,,,HAKAI,Results,Technicianm,,1: chl metadata qcd by cm
,639980,1,2021-10-08,CALVERT,HAKAI,OCEANOGRAPHY,KWAK,2,KC10,51.6505000000001,-127.9516,51.6507017,-127.9514674,,0,,250,2021-10-08T16:47:00.000Z,2021-10-08T18:47:00.000Z,2021-11-26T15:15:21.000Z,chris.mackenzie;jonathan.bergshoeff,,CHL13975,,,,20um,10,720001154,2019-05-09T07:00:00.000Z,2.35049298023632,1.7404703427818,0.00050771033855026,9829.97,6600.77,,1,0.1541451627820721,,,0.0791669175455618,,,HAKAI,Results,Technicianm,,1: Event metadata QCd by JB2: Sample metadata QCd by EJ
,639980,1,2021-10-08,CALVERT,HAKAI,OCEANOGRAPHY,KWAK,2,KC10,51.6505000000001,-127.9516,51.6507017,-127.9514674,,0,,250,2021-10-08T16:47:00.000Z,2021-10-08T18:47:00.000Z,2021-11-26T15:15:53.000Z,chris.mackenzie;jonathan.bergshoeff,,CHL13976,,,,3um,10,720001154,2019-05-09T07:00:00.000Z,2.35049298023632,1.7404703427818,0.00050771033855026,12825.64,8496.05,,1,0.20667204116488033,,,0.09363096894872662,,,HAKAI,Results,Technicianm,,1: Event metadata QCd by JB2: Sample metadata QCd by EJ
,639980,1,2021-10-08,CALVERT,HAKAI,OCEANOGRAPHY,KWAK,2,KC10,51.6505000000001,-127.9516,51.6507017,-127.9514674,,0,,250,2021-10-08T16:47:00.000Z,2021-10-08T18:47:00.000Z,2021-11-26T15:16:24.000Z,chris.mackenzie;jonathan.bergshoeff,,CHL13977,,,,GF/F,10,720001154,2019-05-09T07:00:00.000Z,2.35049298023632,1.7404703427818,0.00050771033855026,13629.42,9965.9,,1,0.17487733393886312,,,0.17737927571988366,,,HAKAI,Results,Technicianm,,1: Event metadata QCd by JB2: Sample metadata QCd by EJ
,639980,1,2021-10-08,CALVERT,HAKAI,OCEANOGRAPHY,KWAK,2,KC10,51.6505000000001,-127.9516,51.6507017,-127.9514674,,0,,250,2021-10-08T16:47:00.000Z,2021-10-08T18:47:00.000Z,2021-11-26T15:16:58.000Z,chris.mackenzie;jonathan.bergshoeff,,CHL13978,,,,Bulk GF/F,10,720001154,2019-05-09T07:00:00.000Z,2.35049298023632,1.7404703427818,0.00050771033855026,40684.82,27528.25,,1,0.6280260201609459,,,0.3449927754158106,,,HAKAI,Results,Technicianm,,1: Event metadata QCd by JB2: Sample metadata QCd by EJ
,642936,1,2021-11-05,CALVERT,HAKAI,OCEANOGRAPHY,KWAK,1,KC10,51.6505000000001,-127.9516,,,,0,,250,2021-11-05T16:14:00.000Z,2021-11-05T19:45:00.000Z,2021-11-25T17:41:34.000Z,eva.jordison;Jen Jackson,,CHL13997,,,,20um,10,720001154,2019-05-09T07:00:00.000Z,2.35049298023632,1.7404703427818,0.00050771033855026,5732.91,4042.09,,1,0.08071092658713709,,,0.0621615605274761,,,HAKAI,Results,Technicianm,,1: Event metadata QCd by EJ2: Sample metadata QCd by EJ
,642936,1,2021-11-05,CALVERT,HAKAI,OCEANOGRAPHY,KWAK,1,KC10,51.6505000000001,-127.9516,,,,0,,250,2021-11-05T16:14:00.000Z,2021-11-05T19:45:00.000Z,2021-11-25T17:42:43.000Z,eva.jordison;Jen Jackson,,CHL13998,,,,3um,10,720001154,2019-05-09T07:00:00.000Z,2.35049298023632,1.7404703427818,0.00050771033855026,7294.67,5102.1,,1,0.10466185419332585,,,0.07567794935074865,,,HAKAI,Results,Technicianm,,1: Event metadata QCd by EJ2: Sample metadata QCd by EJ
,642936,1,2021-11-05,CALVERT,HAKAI,OCEANOGRAPHY,KWAK,1,KC10,51.6505000000001,-127.9516,,,,0,,250,2021-11-05T16:14:00.000Z,2021-11-05T19:45:00.000Z,2021-11-25T17:42:08.000Z,eva.jordison;Jen Jackson,,CHL13999,,,,GF/F,10,720001154,2019-05-09T07:00:00.000Z,2.35049298023632,1.7404703427818,0.00050771033855026,11063,7961.34,,1,0.14805706849827874,,,0.1333459795696897,,,HAKAI,Results,Technicianm,,1: Event metadata QCd by EJ2: Sample metadata QCd by EJ
,642936,1,2021-11-05,CALVERT,HAKAI,OCEANOGRAPHY,KWAK,1,KC10,51.6505000000001,-127.9516,,,,0,,250,2021-11-05T16:14:00.000Z,2021-11-05T19:45:00.000Z,2021-11-25T17:43:19.000Z,eva.jordison;Jen Jackson,,CHL14000,,,,Bulk GF/F,10,720001154,2019-05-09T07:00:00.000Z,2.35049298023632,1.7404703427818,0.00050771033855026,29633.75,20900.3,,1,0.41688934469809474,,,0.3218566610666335,,,HAKAI,Results,Technicianm,,1: Event metadata QCd by EJ2: Sample metadata QCd by EJ
,645679,1,2022-01-14,CALVERT,HAKAI,OCEANOGRAPHY,KWAK,2,KC10,51.6505000000001,-127.9516,51.6507133,-127.9496896,,0,,250,2022-01-14T17:47:00.000Z,2022-01-14T22:11:00.000Z,2022-06-16T19:17:38.000Z,eva.jordison;chris.mackenzie,,CHL14041,,,,20um,10,720001154,2022-04-01T07:00:00.000Z,2.336170164293077,1.7484076704624418,0.0004667934061519007,5036.2,3516.73,,1,0.06627981797596048,,,0.04852667043025127,,,HAKAI,Results,Technicianm,,1: Samples kept at -20 for a week before being transfered to -802: Event metadata QCd by EJ3: chl metadata qcd by cm
,645679,1,2022-01-14,CALVERT,HAKAI,OCEANOGRAPHY,KWAK,2,KC10,51.6505000000001,-127.9516,51.6507133,-127.9496896,,0,,250,2022-01-14T17:47:00.000Z,2022-01-14T22:11:00.000Z,2022-06-16T19:18:16.000Z,eva.jordison;chris.mackenzie,,CHL14042,,,,3um,10,720001154,2022-04-01T07:00:00.000Z,2.336170164293077,1.7484076704624418,0.0004667934061519007,6244.96,4212.95,,1,0.08863699377107244,,,0.04889815829660112,,,HAKAI,Results,Technicianm,,1: Samples kept at -20 for a week before being transfered to -802: Event metadata QCd by EJ3: chl metadata qcd by cm
,645679,1,2022-01-14,CALVERT,HAKAI,OCEANOGRAPHY,KWAK,2,KC10,51.6505000000001,-127.9516,51.6507133,-127.9496896,,0,,250,2022-01-14T17:47:00.000Z,2022-01-14T22:11:00.000Z,2022-06-16T19:20:18.000Z,eva.jordison;chris.mackenzie,,CHL14043,,,,GF/F,10,720001154,2022-04-01T07:00:00.000Z,2.336170164293077,1.7484076704624418,0.0004667934061519007,4676.7,3335.4,,1,0.05850797965814119,,,0.05037884458770048,,,HAKAI,Results,Technicianm,,1: Samples kept at -20 for a week before being transfered to -802: Event metadata QCd by EJ3: chl metadata qcd by cm
,645679,1,2022-01-14,CALVERT,HAKAI,OCEANOGRAPHY,KWAK,2,KC10,51.6505000000001,-127.9516,51.6507133,-127.9496896,,0,,250,2022-01-14T17:47:00.000Z,2022-01-14T22:11:00.000Z,2022-06-16T19:20:54.000Z,eva.jordison;chris.mackenzie,,CHL14044,,,,Bulk GF/F,10,720001154,2022-04-01T07:00:00.000Z,2.336170164293077,1.7484076704624418,0.0004667934061519007,14098.51,9992.81,,1,0.1790920838607547,,,0.14713126152273412,,,HAKAI,Results,Technicianm,,1: Samples kept at -20 for a week before being transfered to -802: Event metadata QCd by EJ3: chl metadata qcd by cm
,647920,1,2022-02-05,CALVERT,HAKAI,OCEANOGRAPHY,KWAK,2,KC10,51.6505000000001,-127.9516,51.649566,-127.9513712,,0,,250,2022-02-05T22:27:00.000Z,2022-02-06T00:30:00.000Z,2022-06-17T18:26:00.000Z,chris.mackenzie;jonathan.bergshoeff,,CHL14063,,,,20um,10,720001154,2022-04-01T07:00:00.000Z,2.336170164293077,1.7484076704624418,0.0004667934061519007,5540.93,3749.86,,1,0.07812710588705504,,,0.044290099475573656,,,HAKAI,Results,Technicianm,,1: CHL metadata QCd by JB2: Event metadata QCd by JB
,647920,1,2022-02-05,CALVERT,HAKAI,OCEANOGRAPHY,KWAK,2,KC10,51.6505000000001,-127.9516,51.649566,-127.9513712,,0,,250,2022-02-05T22:27:00.000Z,2022-02-06T00:30:00.000Z,2022-06-17T18:26:34.000Z,chris.mackenzie;jonathan.bergshoeff,,CHL14064,,,,3um,10,720001154,2022-04-01T07:00:00.000Z,2.336170164293077,1.7484076704624418,0.0004667934061519007,11419.11,7433.2,,1,0.17386680175887687,,,0.06879600989315583,,,HAKAI,Results,Technicianm,,1: CHL metadata QCd by JB2: Event metadata QCd by JB
,647920,1,2022-02-05,CALVERT,HAKAI,OCEANOGRAPHY,KWAK,2,KC10,51.6505000000001,-127.9516,51.649566,-127.9513712,,0,,250,2022-02-05T22:27:00.000Z,2022-02-06T00:30:00.000Z,2022-06-17T18:27:05.000Z,chris.mackenzie;jonathan.bergshoeff,,CHL14065,,,,GF/F,10,720001154,2022-04-01T07:00:00.000Z,2.336170164293077,1.7484076704624418,0.0004667934061519007,14364.38,9768.75,,1,0.20046300347151522,,,0.11844572242389922,,,HAKAI,Results,Technicianm,,1: CHL metadata QCd by JB2: Event metadata QCd by JB
,647920,1,2022-02-05,CALVERT,HAKAI,OCEANOGRAPHY,KWAK,2,KC10,51.6505000000001,-127.9516,51.649566,-127.9513712,,0,,250,2022-02-05T22:27:00.000Z,2022-02-06T00:30:00.000Z,2022-06-17T18:27:42.000Z,chris.mackenzie;jonathan.bergshoeff,,CHL14066,,,,Bulk GF/F,10,720001154,2022-04-01T07:00:00.000Z,2.336170164293077,1.7484076704624418,0.0004667934061519007,26863.81,18235.29,,1,0.37637908942061016,,,0.21892666620149018,,,HAKAI,Results,Technicianm,,1: CHL metadata QCd by JB2: Event metadata QCd by JB
,649783,1,2022-03-09,CALVERT,HAKAI,OCEANOGRAPHY,KWAK,2,KC10,51.6505000000001,-127.9516,51.6501456,-127.9515319,,0,,250,2022-03-09T23:25:00.000Z,2022-03-10T02:45:00.000Z,2022-06-17T19:47:47.000Z,eva.jordison;isabelle.desmarais,,CHL14107,,,,20um,10,720001154,2022-04-01T07:00:00.000Z,2.336170164293077,1.7484076704624418,0.0004667934061519007,373068.9,222681.98,,5,32.79965278539665,,,3.548511781036197,,,HAKAI,Results,Technicianm,,1: Event metadata QCd by EJ2: Sample metadata QCd by EJ3: Some 20um sample may have leaked to 3um filter
,649783,1,2022-03-09,CALVERT,HAKAI,OCEANOGRAPHY,KWAK,2,KC10,51.6505000000001,-127.9516,51.6501456,-127.9515319,,0,,250,2022-03-09T23:25:00.000Z,2022-03-10T02:45:00.000Z,2022-06-17T19:51:14.000Z,eva.jordison;isabelle.desmarais,,CHL14108,,,,3um,10,720001154,2022-04-01T07:00:00.000Z,2.336170164293077,1.7484076704624418,0.0004667934061519007,137823.98,81443.86,,1,2.4593207441165728,,,0.1994797804750601,,,HAKAI,Results,Technicianm,,1: Event metadata QCd by EJ2: Sample metadata QCd by EJ3: Some 20um sample may have leaked to 3um filter
,649783,1,2022-03-09,CALVERT,HAKAI,OCEANOGRAPHY,KWAK,2,KC10,51.6505000000001,-127.9516,51.6501456,-127.9515319,,0,,250,2022-03-09T23:25:00.000Z,2022-03-10T02:45:00.000Z,2022-06-17T19:52:04.000Z,eva.jordison;isabelle.desmarais,,CHL14109,,,,GF/F,10,720001154,2022-04-01T07:00:00.000Z,2.336170164293077,1.7484076704624418,0.0004667934061519007,93241.36,57967.44,,1,1.5386608468074996,,,0.353733004383173,,,HAKAI,Results,Technicianm,,1: Event metadata QCd by EJ2: Sample metadata QCd by EJ3: Some 20um sample may have leaked to 3um filter
,649783,1,2022-03-09,CALVERT,HAKAI,OCEANOGRAPHY,KWAK,2,KC10,51.6505000000001,-127.9516,51.6501456,-127.9515319,,0,,250,2022-03-09T23:25:00.000Z,2022-03-10T02:45:00.000Z,2022-06-17T19:53:16.000Z,eva.jordison;isabelle.desmarais,,CHL14110,,,,Bulk GF/F,10,720001154,2022-04-01T07:00:00.000Z,2.336170164293077,1.7484076704624418,0.0004667934061519007,592971.93,343142.56,,1,10.897645342552917,,,0.3045204012823512,,,HAKAI,Results,Technicianm,,1: Event metadata QCd by EJ2: Sample metadata QCd by EJ3: Some 20um sample may have leaked to 3um filter
,670346,1,2022-04-10,CALVERT,HAKAI,OCEANOGRAPHY,KWAK,2,KC10,51.6505000000001,-127.9516,51.6499893,-127.9513886,,0,,250,2022-04-10T15:57:00.000Z,2022-04-10T17:49:00.000Z,2022-09-04T23:58:24.000Z,chris.mackenzie;isabelle.desmarais;Khush,,CHL14129,,,,20um,10,720001154,2022-04-01T07:00:00.000Z,2.336170164293077,1.7484076704624418,0.0004667934061519007,11819.14,8489.79,,1,0.14522742270545913,,,0.1319286220310355,,,HAKAI,Results,Technicianm,,1: Event metadata QCd by CM2: chl metadata qcd by cm
,670346,1,2022-04-10,CALVERT,HAKAI,OCEANOGRAPHY,KWAK,2,KC10,51.6505000000001,-127.9516,51.6499893,-127.9513886,,0,,250,2022-04-10T15:57:00.000Z,2022-04-10T17:49:00.000Z,2022-09-04T23:58:55.000Z,chris.mackenzie;isabelle.desmarais;Khush,,CHL14130,,,,3um,10,720001154,2022-04-01T07:00:00.000Z,2.336170164293077,1.7484076704624418,0.0004667934061519007,42486.23,26770.14,,1,0.6855413956799494,,,0.18839142473636492,,,HAKAI,Results,Technicianm,,1: Event metadata QCd by CM2: chl metadata qcd by cm
,670346,1,2022-04-10,CALVERT,HAKAI,OCEANOGRAPHY,KWAK,2,KC10,51.6505000000001,-127.9516,51.6499893,-127.9513886,,0,,250,2022-04-10T15:57:00.000Z,2022-04-10T17:49:00.000Z,2022-09-04T23:59:24.000Z,chris.mackenzie;isabelle.desmarais;Khush,,CHL14131,,,,GF/F,10,720001154,2022-04-01T07:00:00.000Z,2.336170164293077,1.7484076704624418,0.0004667934061519007,27820.19,20219.56,,1,0.33154216463808067,,,0.3285416861888817,,,HAKAI,Results,Technicianm,,1: Event metadata QCd by CM2: chl metadata qcd by cm
,670346,1,2022-04-10,CALVERT,HAKAI,OCEANOGRAPHY,KWAK,2,KC10,51.6505000000001,-127.9516,51.6499893,-127.9513886,,0,,250,2022-04-10T15:57:00.000Z,2022-04-10T17:49:00.000Z,2022-09-04T23:59:53.000Z,chris.mackenzie;isabelle.desmarais;Khush,,CHL14132,,,,Bulk GF/F,10,720001154,2022-04-01T07:00:00.000Z,2.336170164293077,1.7484076704624418,0.0004667934061519007,68900.92,46617.28,,1,0.9720202459027371,,,0.5498384739447137,,,HAKAI,Results,Technicianm,,1: Event metadata QCd by CM2: chl metadata qcd by cm
,672214,1,2022-05-05,CALVERT,HAKAI,OCEANOGRAPHY,KWAK,1,KC10,51.6505000000001,-127.9516,51.6502964,-127.9502081,,0,,500,2022-05-05T16:20:00.000Z,2022-05-05T21:20:00.000Z,2022-09-05T00:06:40.000Z,Khushboo Jhugroo;eva.jordison,,CHL14173,,,,20um,10,720001154,2022-04-01T07:00:00.000Z,2.336170164293077,1.7484076704624418,0.0004667934061519007,120360.8,74821.92,,1,0.9932110134550557,,,0.2280999616568381,,,HAKAI,Results,Technicianm,,1: 5m 500ml filtered through stack; bulk missed2: Event metadata QCd by EJ3: chl metadata qcd by cm
,672214,1,2022-05-05,CALVERT,HAKAI,OCEANOGRAPHY,KWAK,1,KC10,51.6505000000001,-127.9516,51.6502964,-127.9502081,,0,,500,2022-05-05T16:20:00.000Z,2022-05-05T21:20:00.000Z,2022-09-05T00:07:10.000Z,Khushboo Jhugroo;eva.jordison,,CHL14174,,,,3um,10,720001154,2022-04-01T07:00:00.000Z,2.336170164293077,1.7484076704624418,0.0004667934061519007,22200.71,14687.24,,1,0.16387010732947666,,,0.0758682929428288,,,HAKAI,Results,Technicianm,,1: 5m 500ml filtered through stack; bulk missed2: Event metadata QCd by EJ3: chl metadata qcd by cm
,672214,1,2022-05-05,CALVERT,HAKAI,OCEANOGRAPHY,KWAK,1,KC10,51.6505000000001,-127.9516,51.6502964,-127.9502081,,0,,500,2022-05-05T16:20:00.000Z,2022-05-05T21:20:00.000Z,2022-09-05T00:07:42.000Z,Khushboo Jhugroo;eva.jordison,,CHL14175,,,,GF/F,10,720001154,2022-04-01T07:00:00.000Z,2.336170164293077,1.7484076704624418,0.0004667934061519007,36944.66,25284.52,,1,0.25430971219379644,,,0.1584070662106628,,,HAKAI,Results,Technicianm,,1: 5m 500ml filtered through stack; bulk missed2: Event metadata QCd by EJ3: chl metadata qcd by cm
,672214,1,2022-05-05,CALVERT,HAKAI,OCEANOGRAPHY,KWAK,1,KC10,51.6505000000001,-127.9516,51.6502964,-127.9502081,,0,,0,2022-05-05T16:20:00.000Z,2022-05-05T21:20:00.000Z,,Khushboo Jhugroo;eva.jordison,,CM2518,,,,Bulk GF/F,,,,,,,,,,,,,,,,,,Not Available,Technicianm,,1: 5m 500ml filtered through stack; bulk missed2: Event metadata QCd by EJ3: chl metadata qcd by cm
,674321,1,2022-06-03,CALVERT,HAKAI,OCEANOGRAPHY,KWAK,1,KC10,51.6505000000001,-127.9516,51.6501821,-127.9494948,,0,,250,2022-06-03T16:03:00.000Z,2022-06-03T18:21:00.000Z,2022-09-04T20:32:19.000Z,chris.mackenzie;eva.jordison,,CHL14137,,,,20um,10,720001154,2022-04-01T07:00:00.000Z,2.336170164293077,1.7484076704624418,0.0004667934061519007,40085.32,24761.47,,1,0.6684317483668134,,,0.13992641915692622,,,HAKAI,Results,Technicianm,,1: Event Metadata QCd by EJ2: chl metadata qcd by cm
,674321,1,2022-06-03,CALVERT,HAKAI,OCEANOGRAPHY,KWAK,1,KC10,51.6505000000001,-127.9516,51.6501821,-127.9494948,,0,,250,2022-06-03T16:03:00.000Z,2022-06-03T18:21:00.000Z,2022-09-04T20:32:54.000Z,chris.mackenzie;eva.jordison,,CHL14138,,,,3um,10,720001154,2022-04-01T07:00:00.000Z,2.336170164293077,1.7484076704624418,0.0004667934061519007,23938.72,14936.75,,1,0.39266911029836515,,,0.09495314551925028,,,HAKAI,Results,Technicianm,,1: Event Metadata QCd by EJ2: chl metadata qcd by cm
,674321,1,2022-06-03,CALVERT,HAKAI,OCEANOGRAPHY,KWAK,1,KC10,51.6505000000001,-127.9516,51.6501821,-127.9494948,,0,,250,2022-06-03T16:03:00.000Z,2022-06-03T18:21:00.000Z,2022-09-04T20:33:27.000Z,chris.mackenzie;eva.jordison,,CHL14139,,,,GF/F,10,720001154,2022-04-01T07:00:00.000Z,2.336170164293077,1.7484076704624418,0.0004667934061519007,32684.18,20986.26,,1,0.5102674013289815,,,0.1748459896278861,,,HAKAI,Results,Technicianm,,1: Event Metadata QCd by EJ2: chl metadata qcd by cm
,674321,1,2022-06-03,CALVERT,HAKAI,OCEANOGRAPHY,KWAK,1,KC10,51.6505000000001,-127.9516,51.6501821,-127.9494948,,0,,250,2022-06-03T16:03:00.000Z,2022-06-03T18:21:00.000Z,2022-09-04T20:33:58.000Z,chris.mackenzie;eva.jordison,,CHL14142,,,,Bulk GF/F,10,720001154,2022-04-01T07:00:00.000Z,2.336170164293077,1.7484076704624418,0.0004667934061519007,88682.15,55826.96,,1,1.4331549900725893,,,0.3893611644215141,,,HAKAI,Results,Technicianm,,1: Event Metadata QCd by EJ2: chl metadata qcd by cm
,678793,1,2022-07-03,CALVERT,HAKAI,OCEANOGRAPHY,KWAK,1,KC10,51.6505000000001,-127.9516,51.6503026,-127.950093,,0,,250,2022-07-03T16:37:00.000Z,2022-07-03T20:34:00.000Z,2022-09-30T17:18:14.000Z,chris.mackenzie;isabelle.desmarais;Jen Jackson,,CHL14235,,,,20um,10,720001154,2022-04-01T07:00:00.000Z,2.336170164293077,1.7484076704624418,0.0004667934061519007,80929.95,59041.86,,1,0.9547662152207288,,,0.9727029437909601,,,HAKAI,Results,Technicianm,,1: event metadata qcd by CM2: chl metadata qcd by cm
,678793,1,2022-07-03,CALVERT,HAKAI,OCEANOGRAPHY,KWAK,1,KC10,51.6505000000001,-127.9516,51.6503026,-127.950093,,0,,250,2022-07-03T16:37:00.000Z,2022-07-03T20:34:00.000Z,2022-09-30T17:18:43.000Z,chris.mackenzie;isabelle.desmarais;Jen Jackson,,CHL14236,,,,3um,10,720001154,2022-04-01T07:00:00.000Z,2.336170164293077,1.7484076704624418,0.0004667934061519007,6469.99,4235.28,,1,0.09747883935125976,,,0.040785293583898874,,,HAKAI,Results,Technicianm,,1: event metadata qcd by CM2: chl metadata qcd by cm
,678793,1,2022-07-03,CALVERT,HAKAI,OCEANOGRAPHY,KWAK,1,KC10,51.6505000000001,-127.9516,51.6503026,-127.950093,,0,,250,2022-07-03T16:37:00.000Z,2022-07-03T20:34:00.000Z,2022-09-30T17:19:14.000Z,chris.mackenzie;isabelle.desmarais;Jen Jackson,,CHL14237,,,,GF/F,10,720001154,2022-04-01T07:00:00.000Z,2.336170164293077,1.7484076704624418,0.0004667934061519007,6381.92,4454.76,,1,0.08406339974501108,,,0.06136583488274138,,,HAKAI,Results,Technicianm,,1: event metadata qcd by CM2: chl metadata qcd by cm
,678793,1,2022-07-03,CALVERT,HAKAI,OCEANOGRAPHY,KWAK,1,KC10,51.6505000000001,-127.9516,51.6503026,-127.950093,,0,,250,2022-07-03T16:37:00.000Z,2022-07-03T20:34:00.000Z,2022-09-30T17:19:43.000Z,chris.mackenzie;isabelle.desmarais;Jen Jackson,,CHL14238,,,,Bulk GF/F,10,720001154,2022-04-01T07:00:00.000Z,2.336170164293077,1.7484076704624418,0.0004667934061519007,192912.9,121340.04,,1,3.122033427984036,,,0.8392100838776285,,,HAKAI,Results,Technicianm,,1: event metadata qcd by CM2: chl metadata qcd by cm
,679827,1,2022-07-28,CALVERT,HAKAI,OCEANOGRAPHY,KWAK,2,KC10,51.6505000000001,-127.9516,51.6502356,-127.9511152,,0,,250,2022-07-28T16:27:00.000Z,2022-07-28T18:00:00.000Z,2022-09-05T18:23:27.000Z,carrie.weekes;eva.jordison,,CHL14279,,,,20um,10,720001154,2022-04-01T07:00:00.000Z,2.336170164293077,1.7484076704624418,0.0004667934061519007,113854.46,69881.83,,1,1.9181016488145597,,,0.36324707733156447,,,HAKAI,Results,Technicianm,,1: Event metadata QCd by EJ2: Sample metadata QCd by EJ
,679827,1,2022-07-28,CALVERT,HAKAI,OCEANOGRAPHY,KWAK,2,KC10,51.6505000000001,-127.9516,51.6502356,-127.9511152,,0,,250,2022-07-28T16:27:00.000Z,2022-07-28T18:00:00.000Z,2022-09-05T18:24:11.000Z,carrie.weekes;eva.jordison,,CHL14280,,,,3um,10,720001154,2022-04-01T07:00:00.000Z,2.336170164293077,1.7484076704624418,0.0004667934061519007,6224.33,3996.7,,1,0.09717000725107364,,,0.03330548908020756,,,HAKAI,Results,Technicianm,,1: Event metadata QCd by EJ2: Sample metadata QCd by EJ
,679827,1,2022-07-28,CALVERT,HAKAI,OCEANOGRAPHY,KWAK,2,KC10,51.6505000000001,-127.9516,51.6502356,-127.9511152,,0,,250,2022-07-28T16:27:00.000Z,2022-07-28T18:00:00.000Z,2022-09-05T18:24:42.000Z,carrie.weekes;eva.jordison,,CHL14281,,,,GF/F,10,720001154,2022-04-01T07:00:00.000Z,2.336170164293077,1.7484076704624418,0.0004667934061519007,8245.92,5463.37,,1,0.12137581361198894,,,0.05698030828643519,,,HAKAI,Results,Technicianm,,1: Event metadata QCd by EJ2: Sample metadata QCd by EJ
,679827,1,2022-07-28,CALVERT,HAKAI,OCEANOGRAPHY,KWAK,2,KC10,51.6505000000001,-127.9516,51.6502356,-127.9511152,,0,,250,2022-07-28T16:27:00.000Z,2022-07-28T18:00:00.000Z,2022-09-05T18:25:13.000Z,carrie.weekes;eva.jordison,,CHL14282,,,,Bulk GF/F,10,720001154,2022-04-01T07:00:00.000Z,2.336170164293077,1.7484076704624418,0.0004667934061519007,115421.96,71659.39,,1,1.908938757435309,,,0.43043984917685796,,,HAKAI,Results,Technicianm,,1: Event metadata QCd by EJ2: Sample metadata QCd by EJ
,685135,1,2022-09-09,CALVERT,HAKAI,OCEANOGRAPHY,KWAK,1,KC10,51.6505000000001,-127.9516,51.6503106,-127.9518844,,0,,250,2022-09-09T17:13:00.000Z,2022-09-09T22:22:00.000Z,2022-10-20T17:12:52.000Z,eva.jordison;Khushboo Jhugroo;zoe.sandwith,,CHL14369,,,,20um,10,720001154,2022-04-01T07:00:00.000Z,2.336170164293077,1.7484076704624418,0.0004667934061519007,94430.37,57041.38,,1,1.6309209471098518,,,0.2312409281675558,,,HAKAI,Results,Technicianm,,1: Sample metadata QCd by EJ2: Event Metadata QCd by ZS
,685135,1,2022-09-09,CALVERT,HAKAI,OCEANOGRAPHY,KWAK,1,KC10,51.6505000000001,-127.9516,51.6503106,-127.9518844,,0,,250,2022-09-09T17:13:00.000Z,2022-09-09T22:22:00.000Z,2022-10-20T17:13:54.000Z,eva.jordison;Khushboo Jhugroo;zoe.sandwith,,CHL14370,,,,3um,10,720001154,2022-04-01T07:00:00.000Z,2.336170164293077,1.7484076704624418,0.0004667934061519007,23683.2,14727.87,,1,0.39063465702821254,,,0.09016854264966832,,,HAKAI,Results,Technicianm,,1: Sample metadata QCd by EJ2: Event Metadata QCd by ZS
,685135,1,2022-09-09,CALVERT,HAKAI,OCEANOGRAPHY,KWAK,1,KC10,51.6505000000001,-127.9516,51.6503106,-127.9518844,,0,,250,2022-09-09T17:13:00.000Z,2022-09-09T22:22:00.000Z,2022-10-20T17:14:28.000Z,eva.jordison;Khushboo Jhugroo;zoe.sandwith,,CHL14371,,,,GF/F,10,720001154,2022-04-01T07:00:00.000Z,2.336170164293077,1.7484076704624418,0.0004667934061519007,22328.71,14453.72,,1,0.34350984472382406,,,0.1283435069996892,,,HAKAI,Results,Technicianm,,1: Sample metadata QCd by EJ2: Event Metadata QCd by ZS
,685135,1,2022-09-09,CALVERT,HAKAI,OCEANOGRAPHY,KWAK,1,KC10,51.6505000000001,-127.9516,51.6503106,-127.9518844,,0,,250,2022-09-09T17:13:00.000Z,2022-09-09T22:22:00.000Z,2022-10-20T17:15:03.000Z,eva.jordison;Khushboo Jhugroo;zoe.sandwith,,CHL14372,,,,Bulk GF/F,10,720001154,2022-04-01T07:00:00.000Z,2.336170164293077,1.7484076704624418,0.0004667934061519007,133388.53,81262.32,,1,2.2737636877178824,,,0.3791103170939376,,,HAKAI,Results,Technicianm,,1: Sample metadata QCd by EJ2: Event Metadata QCd by ZS
,687242,1,2022-10-13,CALVERT,HAKAI,OCEANOGRAPHY,KWAK,1,KC10,51.6505000000001,-127.9516,51.65,-127.950902,,0,,250,2022-10-13T19:17:00.000Z,2022-10-13T22:15:00.000Z,2023-01-08T15:59:04.000Z,chris.mackenzie;isabelle.desmarais,,CHL14391,,,,20um,10,720001154,2022-04-01T07:00:00.000Z,2.336170164293077,1.7484076704624418,0.0004667934061519007,56160.69,34404.93,,1,0.9489939338905552,,,0.17418276638541902,,,HAKAI,Results,Technicianm,,1: event metadata qcd by CM2: chl metadata qcd by cm3: 5m nutrient lost
,687242,1,2022-10-13,CALVERT,HAKAI,OCEANOGRAPHY,KWAK,1,KC10,51.6505000000001,-127.9516,51.65,-127.950902,,0,,250,2022-10-13T19:17:00.000Z,2022-10-13T22:15:00.000Z,2023-01-08T15:59:33.000Z,chris.mackenzie;isabelle.desmarais,,CHL14392,,,,3um,10,720001154,2022-04-01T07:00:00.000Z,2.336170164293077,1.7484076704624418,0.0004667934061519007,11273.49,7161.2,,1,0.17937954198790532,,,0.05440361019453785,,,HAKAI,Results,Technicianm,,1: event metadata qcd by CM2: chl metadata qcd by cm3: 5m nutrient lost
,687242,1,2022-10-13,CALVERT,HAKAI,OCEANOGRAPHY,KWAK,1,KC10,51.6505000000001,-127.9516,51.65,-127.950902,,0,,250,2022-10-13T19:17:00.000Z,2022-10-13T22:15:00.000Z,2023-01-08T16:00:12.000Z,chris.mackenzie;isabelle.desmarais,,CHL14393,,,,GF/F,10,720001154,2022-04-01T07:00:00.000Z,2.336170164293077,1.7484076704624418,0.0004667934061519007,10491.77,7281.43,,1,0.14003616447902556,,,0.09767199306381746,,,HAKAI,Results,Technicianm,,1: event metadata qcd by CM2: chl metadata qcd by cm3: 5m nutrient lost
,687242,1,2022-10-13,CALVERT,HAKAI,OCEANOGRAPHY,KWAK,1,KC10,51.6505000000001,-127.9516,51.65,-127.950902,,0,,250,2022-10-13T19:17:00.000Z,2022-10-13T22:15:00.000Z,2023-01-08T16:00:45.000Z,chris.mackenzie;isabelle.desmarais,,CHL14394,,,,Bulk GF/F,10,720001154,2022-04-01T07:00:00.000Z,2.336170164293077,1.7484076704624418,0.0004667934061519007,52686,31921.62,,1,0.9057495882009348,,,0.1363574534080307,,,HAKAI,Results,Technicianm,,1: event metadata qcd by CM2: chl metadata qcd by cm3: 5m nutrient lost
,691909,1,2022-11-26,CALVERT,HAKAI,OCEANOGRAPHY,KWAK,1,KC10,51.6505000000001,-127.9516,51.650451,-127.949608,,0,,250,2022-11-26T17:12:00.000Z,2022-11-26T20:44:00.000Z,2024-01-28T22:06:37.000Z,chris.mackenzie;eva.jordison,,CHL14457,,,,20um,10,720001154,2023-09-21T07:00:00.000Z,2.3880668668147,1.72042638860385,0.0004756237848,5456.76,3859.48,,1,0.07256899233070402,,,0.05375575722298855,,,HAKAI,Results,Technicianm,,1: Event metadata QCd by EJ2: chl metadata qcd by cm
,691909,1,2022-11-26,CALVERT,HAKAI,OCEANOGRAPHY,KWAK,1,KC10,51.6505000000001,-127.9516,51.650451,-127.949608,,0,,250,2022-11-26T17:12:00.000Z,2022-11-26T20:44:00.000Z,2024-01-28T22:05:05.000Z,chris.mackenzie;eva.jordison,,CHL14458,,,,3um,10,720001154,2023-09-21T07:00:00.000Z,2.3880668668147,1.72042638860385,0.0004756237848,7521.53,5185.71,,1,0.10612297384673011,,,0.063610647524045,,,HAKAI,Results,Technicianm,,1: Event metadata QCd by EJ2: chl metadata qcd by cm
,691909,1,2022-11-26,CALVERT,HAKAI,OCEANOGRAPHY,KWAK,1,KC10,51.6505000000001,-127.9516,51.650451,-127.949608,,0,,250,2022-11-26T17:12:00.000Z,2022-11-26T20:44:00.000Z,2024-01-28T22:05:36.000Z,chris.mackenzie;eva.jordison,,CHL14459,,,,GF/F,10,720001154,2023-09-21T07:00:00.000Z,2.3880668668147,1.72042638860385,0.0004756237848,8732.94,6322.43,,1,0.10951635386600055,,,0.09742328212660796,,,HAKAI,Results,Technicianm,,1: Event metadata QCd by EJ2: chl metadata qcd by cm
,691909,1,2022-11-26,CALVERT,HAKAI,OCEANOGRAPHY,KWAK,1,KC10,51.6505000000001,-127.9516,51.650451,-127.949608,,0,,250,2022-11-26T17:12:00.000Z,2022-11-26T20:44:00.000Z,2024-01-28T22:06:07.000Z,chris.mackenzie;eva.jordison,,CHL14460,,,,Bulk GF/F,10,720001154,2023-09-21T07:00:00.000Z,2.3880668668147,1.72042638860385,0.0004756237848,18965.1,13570.6,,1,0.2450875420264342,,,0.1990921522052604,,,HAKAI,Results,Technicianm,,1: Event metadata QCd by EJ2: chl metadata qcd by cm
,700632,1,2023-01-12,CALVERT,HAKAI,OCEANOGRAPHY,KWAK,1,KC10,51.6505000000001,-127.9516,51.6501108,-127.9506969,,0,,250,2023-01-12T17:58:00.000Z,2023-01-12T21:03:00.000Z,2023-07-30T18:17:33.000Z,carrie.weekes;chris.mackenzie;jonathan.bergshoeff,,CHL14398,,,,20um,10,720001154,2022-04-01T07:00:00.000Z,2.336170164293077,1.7484076704624418,0.0004667934061519007,3302.84,2187.91,,1,0.048633640319280816,,,0.02279244699729871,,,HAKAI,Results,Technicianm,,1: chl sample metadata qcd by cm2: 0 - 100m Niskins3: Event metadata qcd by cm
,700632,1,2023-01-12,CALVERT,HAKAI,OCEANOGRAPHY,KWAK,1,KC10,51.6505000000001,-127.9516,51.6501108,-127.9506969,,0,,250,2023-01-12T17:58:00.000Z,2023-01-12T21:03:00.000Z,2023-07-30T18:18:10.000Z,carrie.weekes;chris.mackenzie;jonathan.bergshoeff,,CHL14479,,,,3um,10,720001154,2022-04-01T07:00:00.000Z,2.336170164293077,1.7484076704624418,0.0004667934061519007,6693,4357.27,,1,0.1018853674248193,,,0.04036122749083655,,,HAKAI,Results,Technicianm,,1: chl sample metadata qcd by cm2: 0 - 100m Niskins3: Event metadata qcd by cm
,700632,1,2023-01-12,CALVERT,HAKAI,OCEANOGRAPHY,KWAK,1,KC10,51.6505000000001,-127.9516,51.6501108,-127.9506969,,0,,250,2023-01-12T17:58:00.000Z,2023-01-12T21:03:00.000Z,2023-07-30T18:18:46.000Z,carrie.weekes;chris.mackenzie;jonathan.bergshoeff,,CHL14480,,,,GF/F,10,720001154,2022-04-01T07:00:00.000Z,2.336170164293077,1.7484076704624418,0.0004667934061519007,9074.31,6280.07,,1,0.1218857355401211,,,0.08313221683188306,,,HAKAI,Results,Technicianm,,1: chl sample metadata qcd by cm2: 0 - 100m Niskins3: Event metadata qcd by cm
,700632,1,2023-01-12,CALVERT,HAKAI,OCEANOGRAPHY,KWAK,1,KC10,51.6505000000001,-127.9516,51.6501108,-127.9506969,,0,,250,2023-01-12T17:58:00.000Z,2023-01-12T21:03:00.000Z,2023-07-30T18:19:30.000Z,carrie.weekes;chris.mackenzie;jonathan.bergshoeff,,CHL14481,,,,Bulk GF/F,10,720001154,2022-04-01T07:00:00.000Z,2.336170164293077,1.7484076704624418,0.0004667934061519007,25219.04,16761.43,,1,0.36892393486654107,,,0.17826647183699604,,,HAKAI,Results,Technicianm,,1: chl sample metadata qcd by cm2: 0 - 100m Niskins3: Event metadata qcd by cm
,701968,1,2023-02-11,CALVERT,HAKAI,OCEANOGRAPHY,KWAK,1,KC10,51.6505000000001,-127.9516,51.6500276,-127.9500534,,0,,250,2023-02-11T17:34:00.000Z,2023-02-11T22:20:00.000Z,2023-11-19T21:36:47.000Z,chris.mackenzie;eva.jordison,,CHL14522,,,,20um,10,720001154,2023-09-21T07:00:00.000Z,2.3880668668147,1.72042638860385,0.0004756237848,6535.45,4527.14,,1,0.09124325915786599,,,0.05693468882852179,,,HAKAI,Results,Technicianm,,1: Technicianm2: chl sample metadata qcd by cm3: Event metadata QCd by EJ
,701968,1,2023-02-11,CALVERT,HAKAI,OCEANOGRAPHY,KWAK,1,KC10,51.6505000000001,-127.9516,51.6500276,-127.9500534,,0,,250,2023-02-11T17:34:00.000Z,2023-02-11T22:20:00.000Z,2023-11-19T21:37:20.000Z,chris.mackenzie;eva.jordison,,CHL14523,,,,3um,10,720001154,2023-09-21T07:00:00.000Z,2.3880668668147,1.72042638860385,0.0004756237848,13283.17,9286.66,,1,0.18157286358032526,,,0.12238906877592343,,,HAKAI,Results,Technicianm,,1: Technicianm2: chl sample metadata qcd by cm3: Event metadata QCd by EJ
,701968,1,2023-02-11,CALVERT,HAKAI,OCEANOGRAPHY,KWAK,1,KC10,51.6505000000001,-127.9516,51.6500276,-127.9500534,,0,,250,2023-02-11T17:34:00.000Z,2023-02-11T22:20:00.000Z,2023-11-19T21:37:55.000Z,chris.mackenzie;eva.jordison,,CHL14524,,,,GF/F,10,720001154,2023-09-21T07:00:00.000Z,2.3880668668147,1.72042638860385,0.0004756237848,17952.48,12528.83,,1,0.24641190978064134,,,0.16366958097738576,,,HAKAI,Results,Technicianm,,1: Technicianm2: chl sample metadata qcd by cm3: Event metadata QCd by EJ
,701968,1,2023-02-11,CALVERT,HAKAI,OCEANOGRAPHY,KWAK,1,KC10,51.6505000000001,-127.9516,51.6500276,-127.9500534,,0,,250,2023-02-11T17:34:00.000Z,2023-02-11T22:20:00.000Z,2023-11-19T21:38:29.000Z,chris.mackenzie;eva.jordison,,CHL14525,,,,Bulk GF/F,10,720001154,2023-09-21T07:00:00.000Z,2.3880668668147,1.72042638860385,0.0004756237848,35607.74,24041.85,,1,0.525471415598872,,,0.2614430599412122,,,HAKAI,Results,Technicianm,,1: Technicianm2: chl sample metadata qcd by cm3: Event metadata QCd by EJ
,704861,1,2023-03-18,CALVERT,HAKAI,OCEANOGRAPHY,KWAK,1,KC10,51.6505000000001,-127.9516,51.6499467,-127.9509372,,0,,250,2023-03-18T16:19:00.000Z,2023-03-18T07:02:00.000Z,2023-11-19T21:29:56.000Z,chris.mackenzie;kimberly.bedard;jonathan.bergshoeff,,CHL14590,,,,20um,10,720001154,2023-09-21T07:00:00.000Z,2.3880668668147,1.72042638860385,0.0004756237848,10473.35,6927.88,,1,0.16108082818212285,,,0.06567580896537778,,,HAKAI,Results,Technicianm,,1: Technicianm2: chl sample metadata qcd by cm3: Event metadata qcd by cm
,704861,1,2023-03-18,CALVERT,HAKAI,OCEANOGRAPHY,KWAK,1,KC10,51.6505000000001,-127.9516,51.6499467,-127.9509372,,0,,250,2023-03-18T16:19:00.000Z,2023-03-18T07:02:00.000Z,2023-11-19T21:30:27.000Z,chris.mackenzie;kimberly.bedard;jonathan.bergshoeff,,CHL14591,,,,3um,10,720001154,2023-09-21T07:00:00.000Z,2.3880668668147,1.72042638860385,0.0004756237848,11276.46,7460.93,,1,0.17335042529022535,,,0.0708534865547983,,,HAKAI,Results,Technicianm,,1: Technicianm2: chl sample metadata qcd by cm3: Event metadata qcd by cm
,704861,1,2023-03-18,CALVERT,HAKAI,OCEANOGRAPHY,KWAK,1,KC10,51.6505000000001,-127.9516,51.6499467,-127.9509372,,0,,250,2023-03-18T16:19:00.000Z,2023-03-18T07:02:00.000Z,2023-11-19T21:30:58.000Z,chris.mackenzie;kimberly.bedard;jonathan.bergshoeff,,CHL14592,,,,GF/F,10,720001154,2023-09-21T07:00:00.000Z,2.3880668668147,1.72042638860385,0.0004756237848,14700.24,10489.07,,1,0.1913254804625932,,,0.15199256777218195,,,HAKAI,Results,Technicianm,,1: Technicianm2: chl sample metadata qcd by cm3: Event metadata qcd by cm
,704861,1,2023-03-18,CALVERT,HAKAI,OCEANOGRAPHY,KWAK,1,KC10,51.6505000000001,-127.9516,51.6499467,-127.9509372,,0,,250,2023-03-18T16:19:00.000Z,2023-03-18T07:02:00.000Z,2023-11-19T21:31:30.000Z,chris.mackenzie;kimberly.bedard;jonathan.bergshoeff,,CHL14593,,,,Bulk GF/F,10,720001154,2023-09-21T07:00:00.000Z,2.3880668668147,1.72042638860385,0.0004756237848,39870.32,26606.41,,1,0.6026173138492614,,,0.26823784792715977,,,HAKAI,Results,Technicianm,,1: Technicianm2: chl sample metadata qcd by cm3: Event metadata qcd by cm
,706411,1,2023-04-14,CALVERT,HAKAI,OCEANOGRAPHY,KWAK,1,KC10,51.6505000000001,-127.9516,51.6502096,-127.949736,,0,,250,2023-04-14T16:19:00.000Z,2023-04-14T18:19:00.000Z,2023-10-01T21:07:23.000Z,eva.jordison;isabelle.desmarais;Khush,,CHL14612,,,,20um,10,720001154,2023-09-21T07:00:00.000Z,2.3880668668147,1.72042638860385,0.0004756237848,23787.73,15917.87,,1,0.35755021660805514,,,0.16345803869531128,,,HAKAI,Results,Technicianm,,1: Cast was pulled up by hand2: chl metadata qcd by cm3: Event QCd by EJ
,706411,1,2023-04-14,CALVERT,HAKAI,OCEANOGRAPHY,KWAK,1,KC10,51.6505000000001,-127.9516,51.6502096,-127.949736,,0,,250,2023-04-14T16:19:00.000Z,2023-04-14T18:19:00.000Z,2023-10-01T21:08:05.000Z,eva.jordison;isabelle.desmarais;Khush,,CHL14613,,,,3um,10,720001154,2023-09-21T07:00:00.000Z,2.3880668668147,1.72042638860385,0.0004756237848,22708.43,15372.27,,1,0.3333027013277682,,,0.16984750487144568,,,HAKAI,Results,Technicianm,,1: Cast was pulled up by hand2: chl metadata qcd by cm3: Event QCd by EJ
,706411,1,2023-04-14,CALVERT,HAKAI,OCEANOGRAPHY,KWAK,1,KC10,51.6505000000001,-127.9516,51.6502096,-127.949736,,0,,250,2023-04-14T16:19:00.000Z,2023-04-14T18:19:00.000Z,2023-10-01T21:08:48.000Z,eva.jordison;isabelle.desmarais;Khush,,CHL14614,,,,GF/F,10,720001154,2023-09-21T07:00:00.000Z,2.3880668668147,1.72042638860385,0.0004756237848,33530.95,22718.17,,1,0.49125547737002273,,,0.2523335904754416,,,HAKAI,Results,Technicianm,,1: Cast was pulled up by hand2: chl metadata qcd by cm3: Event QCd by EJ
,706411,1,2023-04-14,CALVERT,HAKAI,OCEANOGRAPHY,KWAK,1,KC10,51.6505000000001,-127.9516,51.6502096,-127.949736,,0,,250,2023-04-14T16:19:00.000Z,2023-04-14T18:19:00.000Z,2023-10-01T21:09:33.000Z,eva.jordison;isabelle.desmarais;Khush,,CHL14615,,,,Bulk GF/F,10,720001154,2023-09-21T07:00:00.000Z,2.3880668668147,1.72042638860385,0.0004756237848,66947.85,45513.09,,1,0.9738423658034165,,,0.5158478763184933,,,HAKAI,Results,Technicianm,,1: Cast was pulled up by hand2: chl metadata qcd by cm3: Event QCd by EJ
,708352,1,2023-05-14,CALVERT,HAKAI,OCEANOGRAPHY,KWAK,1,KC10,51.6505000000001,-127.9516,51.6496372,-127.9502351,,0,,250,2023-05-14T15:45:00.000Z,2023-05-14T20:26:00.000Z,2024-01-28T23:03:15.000Z,chris.mackenzie;kimberly.bedard;Loic Jacquemot,,CHL14656,,,,20um,10,720001154,2023-09-21T07:00:00.000Z,2.3880668668147,1.72042638860385,0.0004756237848,169527.32,102604.98,,1,3.0404730405519174,,,0.3178934755232104,,,HAKAI,Results,Technicianm,,1: event metadata qcd by cm2: chl metadata qcd by cm
,708352,1,2023-05-14,CALVERT,HAKAI,OCEANOGRAPHY,KWAK,1,KC10,51.6505000000001,-127.9516,51.6496372,-127.9502351,,0,,250,2023-05-14T15:45:00.000Z,2023-05-14T20:26:00.000Z,2024-01-28T23:04:27.000Z,chris.mackenzie;kimberly.bedard;Loic Jacquemot,,CHL14657,,,,3um,10,720001154,2023-09-21T07:00:00.000Z,2.3880668668147,1.72042638860385,0.0004756237848,41823.26,26453.57,,1,0.6982889134874901,,,0.16756363790572212,,,HAKAI,Results,Technicianm,,1: event metadata qcd by cm2: chl metadata qcd by cm
,708352,1,2023-05-14,CALVERT,HAKAI,OCEANOGRAPHY,KWAK,1,KC10,51.6505000000001,-127.9516,51.6496372,-127.9502351,,0,,250,2023-05-14T15:45:00.000Z,2023-05-14T20:26:00.000Z,2024-01-28T23:03:52.000Z,chris.mackenzie;kimberly.bedard;Loic Jacquemot,,CHL14658,,,,GF/F,10,720001154,2023-09-21T07:00:00.000Z,2.3880668668147,1.72042638860385,0.0004756237848,31297.13,20172.14,,1,0.5054400693611383,,,0.15481481820455037,,,HAKAI,Results,Technicianm,,1: event metadata qcd by cm2: chl metadata qcd by cm
,708352,1,2023-05-14,CALVERT,HAKAI,OCEANOGRAPHY,KWAK,1,KC10,51.6505000000001,-127.9516,51.6496372,-127.9502351,,0,,250,2023-05-14T15:45:00.000Z,2023-05-14T20:26:00.000Z,2024-01-28T23:02:42.000Z,chris.mackenzie;kimberly.bedard;Loic Jacquemot,,CHL14659,,,,Bulk GF/F,10,720001154,2023-09-21T07:00:00.000Z,2.3880668668147,1.72042638860385,0.0004756237848,249460.42,154389.37,,1,4.319349330312768,,,0.733973526393931,,,HAKAI,Results,Technicianm,,1: event metadata qcd by cm2: chl metadata qcd by cm
,715575,1,2023-06-15,CALVERT,HAKAI,OCEANOGRAPHY,KWAK,1,KC10,51.6505000000001,-127.9516,51.649084,-127.9493667,,0,,250,2023-06-15T20:56:00.000Z,2023-06-15T22:56:00.000Z,2023-11-19T21:09:11.000Z,carrie.weekes;chris.mackenzie;eva.jordison,,CHL14716,,,,20um,10,720001154,2023-09-21T07:00:00.000Z,2.3880668668147,1.72042638860385,0.0004756237848,234328.9,156728.39,,3,10.576838403502304,,,4.8128057568795075,,,HAKAI,Results,Technicianm,,1: chl metadata qcd by cm2: Technicianm3: Event metadata QCd by EJ
,715575,1,2023-06-15,CALVERT,HAKAI,OCEANOGRAPHY,KWAK,1,KC10,51.6505000000001,-127.9516,51.649084,-127.9493667,,0,,250,2023-06-15T20:56:00.000Z,2023-06-15T22:56:00.000Z,2023-11-19T21:14:08.000Z,carrie.weekes;chris.mackenzie;eva.jordison,,CHL14717,,,,3um,10,720001154,2023-09-21T07:00:00.000Z,2.3880668668147,1.72042638860385,0.0004756237848,27979.68,18896.77,,1,0.4126625426540587,,,0.20584817319982104,,,HAKAI,Results,Technicianm,,1: chl metadata qcd by cm2: Technicianm3: Event metadata QCd by EJ
,715575,1,2023-06-15,CALVERT,HAKAI,OCEANOGRAPHY,KWAK,1,KC10,51.6505000000001,-127.9516,51.649084,-127.9493667,,0,,250,2023-06-15T20:56:00.000Z,2023-06-15T22:56:00.000Z,2023-11-19T21:14:48.000Z,carrie.weekes;chris.mackenzie;eva.jordison,,CHL14718,,,,GF/F,10,720001154,2023-09-21T07:00:00.000Z,2.3880668668147,1.72042638860385,0.0004756237848,15275.51,10259.95,,1,0.22787121555030168,,,0.1079474994536389,,,HAKAI,Results,Technicianm,,1: chl metadata qcd by cm2: Technicianm3: Event metadata QCd by EJ
,715575,1,2023-06-15,CALVERT,HAKAI,OCEANOGRAPHY,KWAK,1,KC10,51.6505000000001,-127.9516,51.649084,-127.9493667,,0,,250,2023-06-15T20:56:00.000Z,2023-06-15T22:56:00.000Z,2023-11-19T21:16:00.000Z,carrie.weekes;chris.mackenzie;eva.jordison,,CHL14719,,,,Bulk GF/F,10,720001154,2023-09-21T07:00:00.000Z,2.3880668668147,1.72042638860385,0.0004756237848,263623.87,177424.5,,1,3.9162835698446843,,,1.8910027814744386,,,HAKAI,Results,Technicianm,,1: chl metadata qcd by cm2: Technicianm3: Event metadata QCd by EJ
,718896,1,2023-07-18,CALVERT,HAKAI,OCEANOGRAPHY,KWAK,1,KC10,51.6505000000001,-127.9516,51.650011,-127.9513543,,0,,250,2023-07-18T15:29:00.000Z,2023-07-18T18:28:00.000Z,2024-01-28T21:17:44.000Z,kimberly.bedard;isabelle.desmarais;chris.mackenzie,,CHL14737,,,,3um,10,720001154,2023-09-21T07:00:00.000Z,2.3880668668147,1.72042638860385,0.0004756237848,10557.2,7058.09,,1,0.15897456097508875,,,0.07204398338255066,,,HAKAI,Results,Technicianm,,1: Event metadata QCd by CM2: chl metadata qcd by cm
,718896,1,2023-07-18,CALVERT,HAKAI,OCEANOGRAPHY,KWAK,1,KC10,51.6505000000001,-127.9516,51.650011,-127.9513543,,0,,250,2023-07-18T15:29:00.000Z,2023-07-18T18:28:00.000Z,2024-01-28T21:18:19.000Z,kimberly.bedard;isabelle.desmarais;chris.mackenzie,,CHL14738,,,,GF/F,10,720001154,2023-09-21T07:00:00.000Z,2.3880668668147,1.72042638860385,0.0004756237848,9134.94,6531.76,,1,0.11826990224346519,,,0.09552131992761145,,,HAKAI,Results,Technicianm,,1: Event metadata QCd by CM2: chl metadata qcd by cm
,718896,1,2023-07-18,CALVERT,HAKAI,OCEANOGRAPHY,KWAK,1,KC10,51.6505000000001,-127.9516,51.650011,-127.9513543,,0,,250,2023-07-18T15:29:00.000Z,2023-07-18T18:28:00.000Z,2024-01-28T21:18:52.000Z,kimberly.bedard;isabelle.desmarais;chris.mackenzie,,CHL14739,,,,Bulk GF/F,10,720001154,2023-09-21T07:00:00.000Z,2.3880668668147,1.72042638860385,0.0004756237848,88215.37,59677.73,,1,1.2965464904690425,,,0.6567669860052203,,,HAKAI,Results,Technicianm,,1: Event metadata QCd by CM2: chl metadata qcd by cm
,718896,1,2023-07-18,CALVERT,HAKAI,OCEANOGRAPHY,KWAK,1,KC10,51.6505000000001,-127.9516,51.650011,-127.9513543,,0,,250,2023-07-18T15:29:00.000Z,2023-07-18T18:28:00.000Z,2024-01-28T21:17:11.000Z,kimberly.bedard;isabelle.desmarais;chris.mackenzie,,CHL14772,,,,20um,10,720001154,2023-09-21T07:00:00.000Z,2.3880668668147,1.72042638860385,0.0004756237848,64857.45,44443.53,,1,0.9274626890210891,,,0.5272197543474537,,,HAKAI,Results,Technicianm,,1: Event metadata QCd by CM2: chl metadata qcd by cm
,719049,1,2023-08-16,CALVERT,HAKAI,OCEANOGRAPHY,KWAK,1,KC10,51.6505000000001,-127.9516,51.6484983,-127.9656083,,0,,250,2023-08-16T15:28:00.000Z,2023-08-16T17:57:00.000Z,2024-01-28T19:05:18.000Z,carrie.weekes;chris.mackenzie;eva.jordison;Andreas Novotny,,CHL14850,,,,20um,10,720001154,2023-09-21T07:00:00.000Z,2.3880668668147,1.72042638860385,0.0004756237848,407371.12,256169.67,,1,6.869513714214995,,,1.51518303405215,,,HAKAI,Results,Technicianm,,1: Sample metadata QCd by EDJ2: Event Metadata QCd by EDJ
,719049,1,2023-08-16,CALVERT,HAKAI,OCEANOGRAPHY,KWAK,1,KC10,51.6505000000001,-127.9516,51.6484983,-127.9656083,,0,,250,2023-08-16T15:28:00.000Z,2023-08-16T17:57:00.000Z,2024-01-28T19:04:42.000Z,carrie.weekes;chris.mackenzie;eva.jordison;Andreas Novotny,,CHL14851,,,,3um,10,720001154,2023-09-21T07:00:00.000Z,2.3880668668147,1.72042638860385,0.0004756237848,31831.53,20364.5,,1,0.5209799234485832,,,0.14557110474334245,,,HAKAI,Results,Technicianm,,1: Sample metadata QCd by EDJ2: Event Metadata QCd by EDJ
,719049,1,2023-08-16,CALVERT,HAKAI,OCEANOGRAPHY,KWAK,1,KC10,51.6505000000001,-127.9516,51.6484983,-127.9656083,,0,,250,2023-08-16T15:28:00.000Z,2023-08-16T17:57:00.000Z,2024-01-28T19:05:53.000Z,carrie.weekes;chris.mackenzie;eva.jordison;Andreas Novotny,,CHL14852,,,,GF/F,10,720001154,2023-09-21T07:00:00.000Z,2.3880668668147,1.72042638860385,0.0004756237848,9776.63,6789.06,,1,0.13573383778513562,,,0.08647907799755858,,,HAKAI,Results,Technicianm,,1: Sample metadata QCd by EDJ2: Event Metadata QCd by EDJ
,719049,1,2023-08-16,CALVERT,HAKAI,OCEANOGRAPHY,KWAK,1,KC10,51.6505000000001,-127.9516,51.6484983,-127.9656083,,0,,250,2023-08-16T15:28:00.000Z,2023-08-16T17:57:00.000Z,2024-01-28T19:04:00.000Z,carrie.weekes;chris.mackenzie;eva.jordison;Andreas Novotny,,CHL14853,,,,Bulk GF/F,10,720001154,2023-09-21T07:00:00.000Z,2.3880668668147,1.72042638860385,0.0004756237848,332476.96,211938.82,,1,5.4763919646006505,,,1.460583575421613,,,HAKAI,Results,Technicianm,,1: Sample metadata QCd by EDJ2: Event Metadata QCd by EDJ
,723431,1,2023-09-12,CALVERT,HAKAI,OCEANOGRAPHY,KWAK,2,KC10,51.6505000000001,-127.9516,51.6507395,-127.9509848,,0,,250,2023-09-12T16:17:00.000Z,2023-09-12T18:56:00.000Z,2024-02-11T17:31:24.000Z,eva.jordison;jonathan.bergshoeff,,CHL14910,,,,20um,10,720001154,2023-09-21T07:00:00.000Z,2.3880668668147,1.72042638860385,0.0004756237848,91786.22,58732.97,,1,1.5017035496311497,,,0.42068696043614984,,,HAKAI,Results,Technicianm,,1: Event metadata QCd by EDJ2: Sample metadata QCd by EDJ
,723431,1,2023-09-12,CALVERT,HAKAI,OCEANOGRAPHY,KWAK,2,KC10,51.6505000000001,-127.9516,51.6507395,-127.9509848,,0,,250,2023-09-12T16:17:00.000Z,2023-09-12T18:56:00.000Z,2024-02-11T17:29:30.000Z,eva.jordison;jonathan.bergshoeff,,CHL14911,,,,3um,10,720001154,2023-09-21T07:00:00.000Z,2.3880668668147,1.72042638860385,0.0004756237848,70523.13,45550.61,,1,1.1345729066653016,,,0.3563454036428037,,,HAKAI,Results,Technicianm,,1: Event metadata QCd by EDJ2: Sample metadata QCd by EDJ
,723431,1,2023-09-12,CALVERT,HAKAI,OCEANOGRAPHY,KWAK,2,KC10,51.6505000000001,-127.9516,51.6507395,-127.9509848,,0,,250,2023-09-12T16:17:00.000Z,2023-09-12T18:56:00.000Z,2024-02-11T17:32:02.000Z,eva.jordison;jonathan.bergshoeff,,CHL14912,,,,GF/F,10,720001154,2023-09-21T07:00:00.000Z,2.3880668668147,1.72042638860385,0.0004756237848,64920.59,43383.09,,1,0.978510137435226,,,0.44146301415910905,,,HAKAI,Results,Technicianm,,1: Event metadata QCd by EDJ2: Sample metadata QCd by EDJ
,723431,1,2023-09-12,CALVERT,HAKAI,OCEANOGRAPHY,KWAK,2,KC10,51.6505000000001,-127.9516,51.6507395,-127.9509848,,0,,250,2023-09-12T16:17:00.000Z,2023-09-12T18:56:00.000Z,2024-02-11T17:32:35.000Z,eva.jordison;jonathan.bergshoeff,,CHL14913,,,,Bulk GF/F,10,720001154,2023-09-21T07:00:00.000Z,2.3880668668147,1.72042638860385,0.0004756237848,197993.62,133810.62,,1,2.916017000627051,,,1.4637422050494457,,,HAKAI,Results,Technicianm,,1: Event metadata QCd by EDJ2: Sample metadata QCd by EDJ
,724612,1,2023-10-15,CALVERT,HAKAI,OCEANOGRAPHY,KWAK,1,KC10,51.6505000000001,-127.9516,51.6497228,-127.9493442,,0,,250,2023-10-15T15:52:00.000Z,2023-10-15T17:30:00.000Z,2024-01-28T19:16:45.000Z,kimberly.bedard;chris.mackenzie,,CHL14954,,,,20um,10,720001154,2023-09-21T07:00:00.000Z,2.3880668668147,1.72042638860385,0.0004756237848,27998.06,19457.97,,1,0.38800067972648633,,,0.2488786892748464,,,HAKAI,Results,Technicianm,,1: Event metadata QCd by JB2: CHL metadata qcd by CM
,724612,1,2023-10-15,CALVERT,HAKAI,OCEANOGRAPHY,KWAK,1,KC10,51.6505000000001,-127.9516,51.6497228,-127.9493442,,0,,250,2023-10-15T15:52:00.000Z,2023-10-15T17:30:00.000Z,2024-01-28T19:17:56.000Z,kimberly.bedard;chris.mackenzie,,CHL14955,,,,3um,10,720001154,2023-09-21T07:00:00.000Z,2.3880668668147,1.72042638860385,0.0004756237848,31724.35,20663.79,,1,0.5025128304450639,,,0.1738342672416964,,,HAKAI,Results,Technicianm,,1: Event metadata QCd by JB2: CHL metadata qcd by CM
,724612,1,2023-10-15,CALVERT,HAKAI,OCEANOGRAPHY,KWAK,1,KC10,51.6505000000001,-127.9516,51.6497228,-127.9493442,,0,,250,2023-10-15T15:52:00.000Z,2023-10-15T17:30:00.000Z,2024-01-28T19:17:21.000Z,kimberly.bedard;chris.mackenzie,,CHL14956,,,,GF/F,10,720001154,2023-09-21T07:00:00.000Z,2.3880668668147,1.72042638860385,0.0004756237848,74459.64,50524.53,,1,1.0874404074580268,,,0.5662794197124801,,,HAKAI,Results,Technicianm,,1: Event metadata QCd by JB2: CHL metadata qcd by CM
,724612,1,2023-10-15,CALVERT,HAKAI,OCEANOGRAPHY,KWAK,1,KC10,51.6505000000001,-127.9516,51.6497228,-127.9493442,,0,,250,2023-10-15T15:52:00.000Z,2023-10-15T17:30:00.000Z,2024-01-28T19:18:33.000Z,kimberly.bedard;chris.mackenzie,,CHL14957,,,,Bulk GF/F,10,720001154,2023-09-21T07:00:00.000Z,2.3880668668147,1.72042638860385,0.0004756237848,85611.39,57467.45,,1,1.278659575037435,,,0.6023091639479593,,,HAKAI,Results,Technicianm,,1: Event metadata QCd by JB2: CHL metadata qcd by CM
,726873,1,2023-11-25,CALVERT,HAKAI,OCEANOGRAPHY,KWAK,1,KC10,51.6505000000001,-127.9516,51.6494285,-127.951064,,0,,250,2023-11-25T17:11:00.000Z,2023-11-25T20:26:00.000Z,2024-02-11T17:57:16.000Z,kimberly.bedard;Loc Jacquemot,,CHL15020,,,,20um,10,720001154,2023-09-21T07:00:00.000Z,2.3880668668147,1.72042638860385,0.0004756237848,8360.2,5682.36,,1,0.12166191927705379,,,0.0643275673568763,,,HAKAI,Results,Technicianm,,1: chl metadata qcd by cm2: Event metadata QCd by KB
,726873,1,2023-11-25,CALVERT,HAKAI,OCEANOGRAPHY,KWAK,1,KC10,51.6505000000001,-127.9516,51.6494285,-127.951064,,0,,250,2023-11-25T17:11:00.000Z,2023-11-25T20:26:00.000Z,2024-02-11T17:56:39.000Z,kimberly.bedard;Loc Jacquemot,,CHL15021,,,,3um,10,720001154,2023-09-21T07:00:00.000Z,2.3880668668147,1.72042638860385,0.0004756237848,18309.53,12034.34,,1,0.28509980403167295,,,0.10879652048457925,,,HAKAI,Results,Technicianm,,1: chl metadata qcd by cm2: Event metadata QCd by KB
,726873,1,2023-11-25,CALVERT,HAKAI,OCEANOGRAPHY,KWAK,1,KC10,51.6505000000001,-127.9516,51.6494285,-127.951064,,0,,250,2023-11-25T17:11:00.000Z,2023-11-25T20:26:00.000Z,2024-02-11T17:58:27.000Z,kimberly.bedard;Loc Jacquemot,,CHL15022,,,,GF/F,10,720001154,2023-09-21T07:00:00.000Z,2.3880668668147,1.72042638860385,0.0004756237848,23088.96,16636.3,,1,0.2931627729969953,,,0.25136043505178224,,,HAKAI,Results,Technicianm,,1: chl metadata qcd by cm2: Event metadata QCd by KB
,726873,1,2023-11-25,CALVERT,HAKAI,OCEANOGRAPHY,KWAK,1,KC10,51.6505000000001,-127.9516,51.6494285,-127.951064,,0,,250,2023-11-25T17:11:00.000Z,2023-11-25T20:26:00.000Z,2024-02-11T17:57:53.000Z,kimberly.bedard;Loc Jacquemot,,CHL15023,,,,Bulk GF/F,10,720001154,2023-09-21T07:00:00.000Z,2.3880668668147,1.72042638860385,0.0004756237848,47943.91,32503.39,,1,0.7015069226823613,,,0.3623624590467824,,,HAKAI,Results,Technicianm,,1: chl metadata qcd by cm2: Event metadata QCd by KB
,731499,1,2024-01-12,CALVERT,HAKAI,OCEANOGRAPHY,KWAK,1,KC10,51.6505000000001,-127.9516,51.6497491,-127.9511571,,0,,250,2024-01-12T19:45:00.000Z,2024-01-12T09:09:00.000Z,2024-04-21T16:54:02.000Z,chris.mackenzie;jonathan.bergshoeff,,CHL15058,,,,20um,10,720001154,2023-09-21T07:00:00.000Z,2.3880668668147,1.72042638860385,0.0004756237848,4142.89,2787.84,,1,0.06156379160680687,,,0.029685078654411324,,,HAKAI,Results,Technicianm,,1: Event metadata QCd by CM2: chl metadata qcd by cm
,731499,1,2024-01-12,CALVERT,HAKAI,OCEANOGRAPHY,KWAK,1,KC10,51.6505000000001,-127.9516,51.6497491,-127.9511571,,0,,250,2024-01-12T19:45:00.000Z,2024-01-12T09:09:00.000Z,2024-04-21T16:54:39.000Z,chris.mackenzie;jonathan.bergshoeff,,CHL15059,,,,3um,10,720001154,2023-09-21T07:00:00.000Z,2.3880668668147,1.72042638860385,0.0004756237848,5067.62,3324.3,,1,0.07920400662999783,,,0.029603751135644278,,,HAKAI,Results,Technicianm,,1: Event metadata QCd by CM2: chl metadata qcd by cm
,731499,1,2024-01-12,CALVERT,HAKAI,OCEANOGRAPHY,KWAK,1,KC10,51.6505000000001,-127.9516,51.6497491,-127.9511571,,0,,250,2024-01-12T19:45:00.000Z,2024-01-12T09:09:00.000Z,2024-04-21T16:55:14.000Z,chris.mackenzie;jonathan.bergshoeff,,CHL15060,,,,GF/F,10,720001154,2023-09-21T07:00:00.000Z,2.3880668668147,1.72042638860385,0.0004756237848,6987.04,4819.71,,1,0.0984679919288445,,,0.059286073041417746,,,HAKAI,Results,Technicianm,,1: Event metadata QCd by CM2: chl metadata qcd by cm
,731499,1,2024-01-12,CALVERT,HAKAI,OCEANOGRAPHY,KWAK,1,KC10,51.6505000000001,-127.9516,51.6497491,-127.9511571,,0,,250,2024-01-12T19:45:00.000Z,2024-01-12T09:09:00.000Z,2024-04-21T16:55:47.000Z,chris.mackenzie;jonathan.bergshoeff,,CHL15061,,,,Bulk GF/F,10,720001154,2023-09-21T07:00:00.000Z,2.3880668668147,1.72042638860385,0.0004756237848,15090.09,10410.94,,1,0.21258714844248577,,,0.1281736245420925,,,HAKAI,Results,Technicianm,,1: Event metadata QCd by CM2: chl metadata qcd by cm
,732096,1,2024-02-10,CALVERT,HAKAI,OCEANOGRAPHY,KWAK,1,KC10,51.6505000000001,-127.9516,51.6501792,-127.9502073,,0,,250,2024-02-10T17:30:00.000Z,2024-02-10T19:10:00.000Z,2024-06-11T18:46:41.000Z,drew.jordison;kimberly.bedard,,CHL15102,,,,20um,10,720001154,2023-09-21T07:00:00.000Z,2.3880668668147,1.72042638860385,0.0004756237848,7340.27,4797.72,,1,0.11551530818042643,,,0.0415190014749525,,,HAKAI,Results,Technicianm,,1: Event metadata QCd by KB2: CHL metadata QCd by KB
,732096,1,2024-02-10,CALVERT,HAKAI,OCEANOGRAPHY,KWAK,1,KC10,51.6505000000001,-127.9516,51.6501792,-127.9502073,,0,,250,2024-02-10T17:30:00.000Z,2024-02-10T19:10:00.000Z,2024-06-11T18:47:14.000Z,drew.jordison;kimberly.bedard,,CHL15103,,,,3um,10,720001154,2023-09-21T07:00:00.000Z,2.3880668668147,1.72042638860385,0.0004756237848,14379.47,9370.86,,1,0.2275554572006708,,,0.07916242774826432,,,HAKAI,Results,Technicianm,,1: Event metadata QCd by KB2: CHL metadata QCd by KB
,732096,1,2024-02-10,CALVERT,HAKAI,OCEANOGRAPHY,KWAK,1,KC10,51.6505000000001,-127.9516,51.6501792,-127.9502073,,0,,250,2024-02-10T17:30:00.000Z,2024-02-10T19:10:00.000Z,2024-06-11T18:47:47.000Z,drew.jordison;kimberly.bedard,,CHL15104,,,,GF/F,10,720001154,2023-09-21T07:00:00.000Z,2.3880668668147,1.72042638860385,0.0004756237848,19480.2,13243.67,,1,0.2833433698163162,,,0.15013556929510602,,,HAKAI,Results,Technicianm,,1: Event metadata QCd by KB2: CHL metadata QCd by KB
,732096,1,2024-02-10,CALVERT,HAKAI,OCEANOGRAPHY,KWAK,1,KC10,51.6505000000001,-127.9516,51.6501792,-127.9502073,,0,,250,2024-02-10T17:30:00.000Z,2024-02-10T19:10:00.000Z,2024-06-11T18:48:18.000Z,drew.jordison;kimberly.bedard,,CHL15105,,,,Bulk GF/F,10,720001154,2023-09-21T07:00:00.000Z,2.3880668668147,1.72042638860385,0.0004756237848,40443.92,27290.33,,1,0.5976051611685022,,,0.29563540556267004,,,HAKAI,Results,Technicianm,,1: Event metadata QCd by KB2: CHL metadata QCd by KB
,742172,1,2024-03-07,CALVERT,HAKAI,OCEANOGRAPHY,KWAK,1,KC10,51.6505000000001,-127.9516,51.64892,-127.94737,,0,,250,2024-03-07T17:03:00.000Z,2024-03-07T20:36:00.000Z,2024-04-21T17:05:43.000Z,kimberly.bedard;jonathan.bergshoeff,,CHL15149,,,,20um,10,720001154,2023-09-21T07:00:00.000Z,2.3880668668147,1.72042638860385,0.0004756237848,38308.62,24864.99,,1,0.6107825067407232,,,0.2030741875302849,,,HAKAI,Results,Technicianm,,1: Event metadata QCd by KB2: CHL metadata QCd by KB
,742172,1,2024-03-07,CALVERT,HAKAI,OCEANOGRAPHY,KWAK,1,KC10,51.6505000000001,-127.9516,51.64892,-127.94737,,0,,250,2024-03-07T17:03:00.000Z,2024-03-07T20:36:00.000Z,2024-04-21T17:06:17.000Z,kimberly.bedard;jonathan.bergshoeff,,CHL15150,,,,3um,10,720001154,2023-09-21T07:00:00.000Z,2.3880668668147,1.72042638860385,0.0004756237848,13207.23,8702.45,,1,0.20466502133095563,,,0.0801751169139717,,,HAKAI,Results,Technicianm,,1: Event metadata QCd by KB2: CHL metadata QCd by KB
,742172,1,2024-03-07,CALVERT,HAKAI,OCEANOGRAPHY,KWAK,1,KC10,51.6505000000001,-127.9516,51.64892,-127.94737,,0,,250,2024-03-07T17:03:00.000Z,2024-03-07T20:36:00.000Z,2024-04-21T17:06:49.000Z,kimberly.bedard;jonathan.bergshoeff,,CHL15151,,,,GF/F,10,720001154,2023-09-21T07:00:00.000Z,2.3880668668147,1.72042638860385,0.0004756237848,20510.55,14361.05,,1,0.27938934835324075,,,0.19066258729043578,,,HAKAI,Results,Technicianm,,1: Event metadata QCd by KB2: CHL metadata QCd by KB
,742172,1,2024-03-07,CALVERT,HAKAI,OCEANOGRAPHY,KWAK,1,KC10,51.6505000000001,-127.9516,51.64892,-127.94737,,0,,250,2024-03-07T17:03:00.000Z,2024-03-07T20:36:00.000Z,2024-04-21T17:07:21.000Z,kimberly.bedard;jonathan.bergshoeff,,CHL15152,,,,Bulk GF/F,10,720001154,2023-09-21T07:00:00.000Z,2.3880668668147,1.72042638860385,0.0004756237848,67636.24,44438.8,,1,1.0539259525267748,,,0.40060167307735667,,,HAKAI,Results,Technicianm,,1: Event metadata QCd by KB2: CHL metadata QCd by KB
,744130,1,2024-04-12,CALVERT,HAKAI,OCEANOGRAPHY,KWAK,1,KC10,51.6505000000001,-127.9516,51.6502681,-127.9509844,,0,,250,2024-04-12T17:23:00.000Z,2024-04-12T20:00:00.000Z,2024-07-27T14:39:31.000Z,drew.jordison;kimberly.bedard,,CHL15171,,,,20um,10,720001154,2023-09-21T07:00:00.000Z,2.3880668668147,1.72042638860385,0.0004756237848,210730.82,127822.29,,3,11.300313929404883,,,1.2509510894288416,,,HAKAI,Results,Technicianm,,1: Sample metadata QCd by DJ2: Event metadata QCd by DJ
,744130,1,2024-04-12,CALVERT,HAKAI,OCEANOGRAPHY,KWAK,1,KC10,51.6505000000001,-127.9516,51.6502681,-127.9509844,,0,,250,2024-04-12T17:23:00.000Z,2024-04-12T20:00:00.000Z,2024-07-27T14:41:50.000Z,drew.jordison;kimberly.bedard,,CHL15172,,,,3um,10,720001154,2023-09-21T07:00:00.000Z,2.3880668668147,1.72042638860385,0.0004756237848,17796.13,11441.25,,1,0.2887203483312534,,,0.08576353054133694,,,HAKAI,Results,Technicianm,,1: Sample metadata QCd by DJ2: Event metadata QCd by DJ
,744130,1,2024-04-12,CALVERT,HAKAI,OCEANOGRAPHY,KWAK,1,KC10,51.6505000000001,-127.9516,51.6502681,-127.9509844,,0,,250,2024-04-12T17:23:00.000Z,2024-04-12T20:00:00.000Z,2024-07-27T14:42:30.000Z,drew.jordison;kimberly.bedard,,CHL15173,,,,GF/F,10,720001154,2023-09-21T07:00:00.000Z,2.3880668668147,1.72042638860385,0.0004756237848,10349.3,7209.74,,1,0.1426391775779983,,,0.09334302723903398,,,HAKAI,Results,Technicianm,,1: Sample metadata QCd by DJ2: Event metadata QCd by DJ
,744130,1,2024-04-12,CALVERT,HAKAI,OCEANOGRAPHY,KWAK,1,KC10,51.6505000000001,-127.9516,51.6502681,-127.9509844,,0,,250,2024-04-12T17:23:00.000Z,2024-04-12T20:00:00.000Z,2024-07-27T14:43:14.000Z,drew.jordison;kimberly.bedard,,CHL15174,,,,Bulk GF/F,10,720001154,2023-09-21T07:00:00.000Z,2.3880668668147,1.72042638860385,0.0004756237848,191285.26,116677.98,,3,10.168865440250965,,,1.2881053966991547,,,HAKAI,Results,Technicianm,,1: Sample metadata QCd by DJ2: Event metadata QCd by DJ
,744951,1,2024-05-12,CALVERT,HAKAI,OCEANOGRAPHY,KWAK,1,KC10,51.6505000000001,-127.9516,51.6501149,-127.9503748,,0,,250,2024-05-12T16:06:00.000Z,2024-05-12T18:00:00.000Z,2024-07-27T17:03:11.000Z,chris.mackenzie;jonathan.bergshoeff,,CHL15193,,,,20um,10,720001154,2023-09-21T07:00:00.000Z,2.3880668668147,1.72042638860385,0.0004756237848,96932.33,70827.3,,1,1.1860260704840717,,,1.1322242984941975,,,HAKAI,Results,Technicianm,,1: microbial metadata qcd by cm2: Event metadata QCd by JB
,744951,1,2024-05-12,CALVERT,HAKAI,OCEANOGRAPHY,KWAK,1,KC10,51.6505000000001,-127.9516,51.6501149,-127.9503748,,0,,250,2024-05-12T16:06:00.000Z,2024-05-12T18:00:00.000Z,2024-07-27T17:56:37.000Z,chris.mackenzie;jonathan.bergshoeff,,CHL15194,,,,3um,10,720001154,2023-09-21T07:00:00.000Z,2.3880668668147,1.72042638860385,0.0004756237848,29557.27,18808.58,,1,0.4883436856250094,,,0.12728048083280138,,,HAKAI,Results,Technicianm,,1: microbial metadata qcd by cm2: Event metadata QCd by JB
,744951,1,2024-05-12,CALVERT,HAKAI,OCEANOGRAPHY,KWAK,1,KC10,51.6505000000001,-127.9516,51.6501149,-127.9503748,,0,,250,2024-05-12T16:06:00.000Z,2024-05-12T18:00:00.000Z,2024-07-27T17:57:13.000Z,chris.mackenzie;jonathan.bergshoeff,,CHL15195,,,,GF/F,10,720001154,2023-09-21T07:00:00.000Z,2.3880668668147,1.72042638860385,0.0004756237848,36695.28,24168.15,,1,0.5691432941599045,,,0.22190511026920928,,,HAKAI,Results,Technicianm,,1: microbial metadata qcd by cm2: Event metadata QCd by JB
,744951,1,2024-05-12,CALVERT,HAKAI,OCEANOGRAPHY,KWAK,1,KC10,51.6505000000001,-127.9516,51.6501149,-127.9503748,,0,,250,2024-05-12T16:06:00.000Z,2024-05-12T18:00:00.000Z,2024-07-27T17:57:47.000Z,chris.mackenzie;jonathan.bergshoeff,,CHL15196,,,,Bulk GF/F,10,720001154,2023-09-21T07:00:00.000Z,2.3880668668147,1.72042638860385,0.0004756237848,203098.71,127761.5,,1,3.4227846180423214,,,0.758980669018137,,,HAKAI,Results,Technicianm,,1: microbial metadata qcd by cm2: Event metadata QCd by JB
,749440,1,2024-07-18,CALVERT,HAKAI,OCEANOGRAPHY,KWAK,1,KC10,51.6505000000001,-127.9516,51.6505418,-127.9517414,,0,,250,2024-07-18T16:00:00.000Z,2024-07-18T18:03:00.000Z,2024-09-05T19:51:06.000Z,chris.mackenzie;kimberly.bedard,,CHL15215,,,,20um,10,720001154,2024-08-07T07:00:00.000Z,2.327745911,1.75315615095883,0.0004683568615,94479.29,58764.91,,1,1.5574552105929271,,,0.3726258693916195,,,HAKAI,Results,Technicianm,,1: microbial metadata qcd by cm2: Event metadata qcd by CM
,749440,1,2024-07-18,CALVERT,HAKAI,OCEANOGRAPHY,KWAK,1,KC10,51.6505000000001,-127.9516,51.6505418,-127.9517414,,0,,250,2024-07-18T16:00:00.000Z,2024-07-18T18:03:00.000Z,2024-09-05T19:51:42.000Z,chris.mackenzie;kimberly.bedard,,CHL15216,,,,3um,10,720001154,2024-08-07T07:00:00.000Z,2.327745911,1.75315615095883,0.0004683568615,6755.96,4288.56,,1,0.10759993556144581,,,0.03325399438379748,,,HAKAI,Results,Technicianm,,1: microbial metadata qcd by cm2: Event metadata qcd by CM
,749440,1,2024-07-18,CALVERT,HAKAI,OCEANOGRAPHY,KWAK,1,KC10,51.6505000000001,-127.9516,51.6505418,-127.9517414,,0,,250,2024-07-18T16:00:00.000Z,2024-07-18T18:03:00.000Z,2024-09-05T19:52:22.000Z,chris.mackenzie;kimberly.bedard,,CHL15217,,,,GF/F,10,720001154,2024-08-07T07:00:00.000Z,2.327745911,1.75315615095883,0.0004683568615,6075.56,4118.16,,1,0.08535953386883927,,,0.04989775998814369,,,HAKAI,Results,Technicianm,,1: microbial metadata qcd by cm2: Event metadata qcd by CM
,749440,1,2024-07-18,CALVERT,HAKAI,OCEANOGRAPHY,KWAK,1,KC10,51.6505000000001,-127.9516,51.6505418,-127.9517414,,0,,250,2024-07-18T16:00:00.000Z,2024-07-18T18:03:00.000Z,2024-09-05T19:53:00.000Z,chris.mackenzie;kimberly.bedard,,CHL15218,,,,Bulk GF/F,10,720001154,2024-08-07T07:00:00.000Z,2.327745911,1.75315615095883,0.0004683568615,109390.71,66846.18,,1,1.8553087000453912,,,0.3401944886303221,,,HAKAI,Results,Technicianm,,1: microbial metadata qcd by cm2: Event metadata qcd by CM
,753787,1,2024-09-21,CALVERT,HAKAI,OCEANOGRAPHY,KWAK,1,KC10,51.6505000000001,-127.9516,51.6490404,-127.950381,,0,,250,2024-09-21T15:41:00.000Z,2024-09-21T19:41:00.000Z,2024-10-18T19:07:54.000Z,chris.mackenzie;kimberly.bedard,,CHL15250,,,,20um,10,720001154,2024-08-07T07:00:00.000Z,2.327745911,1.75315615095883,0.0004683568615,68983.3,44717.19,,1,1.0582118312097575,,,0.41048440892868837,,,HAKAI,Results,Technicianm,,1: Event metadata QCd by KB2: CHL metadata QCd by KB3: filter crumpled during extraction
,753787,1,2024-09-21,CALVERT,HAKAI,OCEANOGRAPHY,KWAK,1,KC10,51.6505000000001,-127.9516,51.6490404,-127.950381,,0,,250,2024-09-21T15:41:00.000Z,2024-09-21T19:41:00.000Z,2024-10-18T19:08:29.000Z,chris.mackenzie;kimberly.bedard,,CHL15251,,,,3um,10,720001154,2024-08-07T07:00:00.000Z,2.327745911,1.75315615095883,0.0004683568615,36990.28,23973.35,,1,0.5676504941265506,,,0.21973281436226563,,,HAKAI,Results,Technicianm,,1: Event metadata QCd by KB2: CHL metadata QCd by KB
,753787,1,2024-09-21,CALVERT,HAKAI,OCEANOGRAPHY,KWAK,1,KC10,51.6505000000001,-127.9516,51.6490404,-127.950381,,0,,250,2024-09-21T15:41:00.000Z,2024-09-21T19:41:00.000Z,2024-10-18T19:09:04.000Z,chris.mackenzie;kimberly.bedard,,CHL15252,,,,GF/F,10,720001154,2024-08-07T07:00:00.000Z,2.327745911,1.75315615095883,0.0004683568615,21363.45,14906.83,,1,0.2815643576010141,,,0.20803718429781673,,,HAKAI,Results,Technicianm,,1: Event metadata QCd by KB2: CHL metadata QCd by KB
,753787,1,2024-09-21,CALVERT,HAKAI,OCEANOGRAPHY,KWAK,1,KC10,51.6505000000001,-127.9516,51.6490404,-127.950381,,0,,250,2024-09-21T15:41:00.000Z,2024-09-21T19:41:00.000Z,2024-10-18T19:09:50.000Z,chris.mackenzie;kimberly.bedard,,CHL15253,,,,Bulk GF/F,10,720001154,2024-08-07T07:00:00.000Z,2.327745911,1.75315615095883,0.0004683568615,122980.24,81468.2,,1,1.8102832248618632,,,0.8654671751710309,,,HAKAI,Results,Technicianm,,1: Event metadata QCd by KB2: CHL metadata QCd by KB
,758982,1,2024-11-17,CALVERT,HAKAI,OCEANOGRAPHY,KWAK,1,KC10,51.6505000000001,-127.9516,51.650141,-127.9484558,,0,,250,2024-11-17T17:58:00.000Z,2024-11-17T22:04:00.000Z,,carrie.weekes;Colleen Kellogg,,CHL15272,,,,20um,,,,,,,,,,,,,,,,,,Collected,Technicianm,,1: Chlorophyll metadata QCd by DJ2: Event metadata QCd by DJ
,758982,1,2024-11-17,CALVERT,HAKAI,OCEANOGRAPHY,KWAK,1,KC10,51.6505000000001,-127.9516,51.650141,-127.9484558,,0,,250,2024-11-17T17:58:00.000Z,2024-11-17T22:04:00.000Z,,carrie.weekes;Colleen Kellogg,,CHL15273,,,,3um,,,,,,,,,,,,,,,,,,Collected,Technicianm,,1: Chlorophyll metadata QCd by DJ2: Event metadata QCd by DJ
,758982,1,2024-11-17,CALVERT,HAKAI,OCEANOGRAPHY,KWAK,1,KC10,51.6505000000001,-127.9516,51.650141,-127.9484558,,0,,250,2024-11-17T17:58:00.000Z,2024-11-17T22:04:00.000Z,,carrie.weekes;Colleen Kellogg,,CHL15274,,,,GF/F,,,,,,,,,,,,,,,,,,Collected,Technicianm,,1: Chlorophyll metadata QCd by DJ2: Event metadata QCd by DJ
,758982,1,2024-11-17,CALVERT,HAKAI,OCEANOGRAPHY,KWAK,1,KC10,51.6505000000001,-127.9516,51.650141,-127.9484558,,0,,250,2024-11-17T17:58:00.000Z,2024-11-17T22:04:00.000Z,,carrie.weekes;Colleen Kellogg,,CHL15275,,,,Bulk GF/F,,,,,,,,,,,,,,,,,,Collected,Technicianm,,1: Chlorophyll metadata QCd by DJ2: Event metadata QCd by DJ