"","year_month","year","month","par","mm_mean_val","n","mean_val","sd_val","n_full","anom","anom_std","day"
"1",2012-06-15,2012,6,"dr",5.20474558618844,3,3.21252751834585,2.01677255111669,21,1.99221806784259,0.987824862421642,15
"2",2012-06-15,2012,6,"fwc",0.580124856815579,3,0.151304105752432,0.355131231113612,21,0.428820751063147,1.20749940724295,15
"3",2012-06-15,2012,6,"rho21_dep",5,3,2.41269841269841,2.52521673856316,21,2.58730158730159,1.0245859485209,15
"4",2012-06-15,2012,6,"sal",27.357456596259,3,29.3635293496802,1.58042023847375,21,-2.00607275342116,-1.26932869156274,15
"5",2012-06-15,2012,6,"temp",10.6228630357645,3,10.8507581604289,1.11645475869228,21,-0.227895124664474,-0.20412392252366,15
"6",2012-07-15,2012,7,"dr",4.72243017964647,4,3.8449547331535,1.55051482610912,20,0.877475446492965,0.565925221556839,15
"7",2012-07-15,2012,7,"fwc",0.184803264604811,4,0.115857965944404,0.157306590344956,20,0.0689452986604076,0.438286142425554,15
"8",2012-07-15,2012,7,"rho21_dep",4,4,2.99166666666667,1.71719460456336,20,1.00833333333333,0.58719805586026,15
"9",2012-07-15,2012,7,"sal",28.7905205342762,4,29.3647149066379,1.25445301993989,20,-0.574194372361777,-0.457724891434589,15
"10",2012-07-15,2012,7,"temp",10.4998694593554,4,11.5627512128048,1.29475016412177,20,-1.06288175344936,-0.820916484818763,15
"11",2012-08-15,2012,8,"dr",5.62778734023834,3,4.10294746196701,1.29198329255818,20,1.52483987827133,1.18023188616633,15
"12",2012-08-15,2012,8,"fwc",0.282735395189004,3,0.125912004682276,0.166006700884355,20,0.156823390506727,0.94468108619287,15
"13",2012-08-15,2012,8,"rho21_dep",4.66666666666667,3,3.275,1.95958806388408,20,1.39166666666667,0.710183273880663,15
"14",2012-08-15,2012,8,"sal",27.9279122862169,3,29.1393757750534,1.11451879149647,20,-1.21146348883645,-1.08698345696784,15
"15",2012-08-15,2012,8,"temp",11.7791711229563,3,12.5355190869661,0.922023363122196,20,-0.75634796400986,-0.820313230945343,15
"16",2012-09-15,2012,9,"dr",4.48140929044678,2,3.09101105688436,1.5715415744816,19,1.39039823356242,0.884735253676674,15
"17",2012-09-15,2012,9,"fwc",0.132943298969072,2,0.0996038296395419,0.186888933939578,19,0.0333394693295304,0.178391885633577,15
"18",2012-09-15,2012,9,"rho21_dep",3.5,2,2.47368421052632,1.71167302993402,19,1.02631578947368,0.599598037431977,15
"19",2012-09-15,2012,9,"sal",29.0295864162041,2,29.5593463706774,1.19050739979763,19,-0.529759954473306,-0.444986696061997,15
"20",2012-09-15,2012,9,"temp",10.819628848148,2,11.7985788221923,0.933667207339164,19,-0.978949974044268,-1.04849990055253,15
"21",2012-10-15,2012,10,"dr",0.898493871394521,1,2.10825791842751,1.25797056063918,12,-1.20976404703299,-0.961679140105078,15
"22",2012-10-15,2012,10,"fwc",0,1,0.102168012853575,0.17877381665444,12,-0.102168012853575,-0.571493156914919,15
"23",2012-10-15,2012,10,"rho21_dep",1,1,2.33333333333333,2.49848438906955,12,-1.33333333333333,-0.533656859801263,15
"24",2012-10-15,2012,10,"sal",30.6849361574346,1,29.4318142097154,1.45576271405073,12,1.25312194771916,0.860800964074901,15
"25",2012-10-15,2012,10,"temp",9.17600402172619,1,10.7630176037381,0.94532652951632,12,-1.58701358201189,-1.67879936980494,15
"26",2012-11-15,2012,11,"dr",0.734454123266649,3,1.38963981921256,0.844027922823392,15,-0.655185695945912,-0.776260687862345,15
"27",2012-11-15,2012,11,"fwc",0,3,0.0484233451496533,0.0790783227862763,15,-0.0484233451496533,-0.61234663866767,15
"28",2012-11-15,2012,11,"rho21_dep",1,3,1.3,0.797316929278619,15,-0.3,-0.376261921682045,15
"29",2012-11-15,2012,11,"sal",30.5962127472245,3,29.769099103187,0.970215510039242,15,0.827113644037457,0.85250507282037,15
"30",2012-11-15,2012,11,"temp",8.40926930073816,3,8.85875356772136,0.634126936428886,15,-0.449484266983198,-0.708823803502953,15
"31",2012-12-15,2012,12,"dr",0.770930954304617,1,0.95722607583563,0.618692999566757,3,-0.186295121531013,-0.301110763595947,15
"32",2012-12-15,2012,12,"fwc",0,1,0.0270011454753724,0.0467673558259036,3,-0.0270011454753724,-0.577350269189626,15
"33",2012-12-15,2012,12,"rho21_dep",1,1,1,0,3,0,NA,15
"34",2012-12-15,2012,12,"sal",30.4430819690136,1,29.9281412101327,0.889120440781924,3,0.51494075888084,0.579157485602269,15
"35",2012-12-15,2012,12,"temp",7.9673427227223,1,7.90649459939081,0.925293652901836,3,0.0608481233314935,0.0657608783337767,15
"36",2013-01-15,2013,1,"dr",0.390545389429519,2,0.795675678321932,0.682124495145449,15,-0.405130288892413,-0.593924264229842,15
"37",2013-01-15,2013,1,"fwc",0,2,0.0143042382588775,0.0380252713634106,15,-0.0143042382588775,-0.37617715129948,15
"38",2013-01-15,2013,1,"rho21_dep",1,2,1,0,15,0,NA,15
"39",2013-01-15,2013,1,"sal",30.8113896248745,2,30.3035930400243,0.8000235255704,15,0.507796584850151,0.634727065667354,15
"40",2013-01-15,2013,1,"temp",6.99914331901481,2,7.27368609569284,0.599129282080095,15,-0.274542776678036,-0.4582362853721,15
"41",2013-02-15,2013,2,"dr",0.666736019225482,2,0.640041329133343,0.486478483966721,14,0.0266946900921384,0.0548733211682278,15
"42",2013-02-15,2013,2,"fwc",0,2,0.0151082474226804,0.0565298855702806,14,-0.0151082474226804,-0.267261241912424,15
"43",2013-02-15,2013,2,"rho21_dep",1,2,1.07142857142857,0.267261241912424,14,-0.0714285714285714,-0.267261241912424,15
"44",2013-02-15,2013,2,"sal",30.7253289217658,2,30.4781208113541,0.851309482580111,14,0.247208110411719,0.290385712211841,15
"45",2013-02-15,2013,2,"temp",7.00744148358571,2,7.1266513149376,0.65209015579982,14,-0.11920983135189,-0.182811886196432,15
"46",2013-03-15,2013,3,"dr",1.07116502225517,1,0.725129241997282,0.437767069013682,15,0.346035780257891,0.790456397365687,15
"47",2013-03-15,2013,3,"fwc",0,1,0.000284306987399776,0.00110111622740973,15,-0.000284306987399776,-0.258198889747161,15
"48",2013-03-15,2013,3,"rho21_dep",1,1,1,0,15,0,NA,15
"49",2013-03-15,2013,3,"sal",30.4414742968014,1,30.5019006961559,0.601314588088307,15,-0.0604263993545189,-0.100490492915906,15
"50",2013-03-15,2013,3,"temp",7.11170958560774,1,7.21000466350544,0.835904250933948,15,-0.0982950778976921,-0.117591312387594,15
"51",2013-04-15,2013,4,"dr",1.27135455306883,8,1.22898486109008,0.79202872961327,26,0.0423696919787473,0.0534951453079682,15
"52",2013-04-15,2013,4,"fwc",0.00260180412371137,8,0.0224492733810692,0.0715014121409524,26,-0.0198474692573578,-0.277581500323826,15
"53",2013-04-15,2013,4,"rho21_dep",1,8,1.26923076923077,0.87442288660315,26,-0.269230769230769,-0.307895382606743,15
"54",2013-04-15,2013,4,"sal",30.2847136961739,8,30.1768886465819,0.983577862252803,26,0.10782504959208,0.109625331893009,15
"55",2013-04-15,2013,4,"temp",8.23845357736715,8,8.41957776598743,0.790290012145416,26,-0.181124188620275,-0.229186989379474,15
"56",2013-05-15,2013,5,"dr",3.23435002162053,3,2.58414413297619,1.58297813499261,17,0.650205888644345,0.410748496312858,15
"57",2013-05-15,2013,5,"fwc",0.0739037800687286,3,0.0556563574350269,0.0832461889172443,17,0.0182474226337017,0.219198294492996,15
"58",2013-05-15,2013,5,"rho21_dep",2.33333333333333,3,1.82352941176471,1.33394593769983,17,0.509803921568628,0.382177348542101,15
"59",2013-05-15,2013,5,"sal",29.1460254254889,3,29.6228804455656,0.851464478719805,17,-0.476855020076691,-0.56004100229014,15
"60",2013-05-15,2013,5,"temp",9.84298431073383,3,10.1380518255096,0.783849461226831,17,-0.295067514775814,-0.376433906472288,15
"61",2013-06-15,2013,6,"dr",4.57762974067422,3,3.21252751834585,2.01677255111669,21,1.36510222232838,0.676874653798969,15
"62",2013-06-15,2013,6,"fwc",0.226880870561283,3,0.151304105752432,0.355131231113612,21,0.0755767648088513,0.212813625464197,15
"63",2013-06-15,2013,6,"rho21_dep",4,3,2.41269841269841,2.52521673856316,21,1.58730158730159,0.628580336515889,15
"64",2013-06-15,2013,6,"sal",28.7700980732057,3,29.3635293496802,1.58042023847375,21,-0.593431276474448,-0.37548954513993,15
"65",2013-06-15,2013,6,"temp",10.9169002789504,3,10.8507581604289,1.11645475869228,21,0.0661421185214426,0.0592429903733096,15
"66",2013-07-15,2013,7,"dr",2.78337330012369,3,3.8449547331535,1.55051482610912,20,-1.06158143302982,-0.68466383884491,15
"67",2013-07-15,2013,7,"fwc",0.0321534936998855,3,0.115857965944404,0.157306590344956,20,-0.083704472244518,-0.532110397033992,15
"68",2013-07-15,2013,7,"rho21_dep",1.66666666666667,3,2.99166666666667,1.71719460456336,20,-1.325,-0.771607362659349,15
"69",2013-07-15,2013,7,"sal",29.7882234879158,3,29.3647149066379,1.25445301993989,20,0.423508581277833,0.337604178511307,15
"70",2013-07-15,2013,7,"temp",11.3650272452295,3,11.5627512128048,1.29475016412177,20,-0.197723967575278,-0.152712062183359,15
"71",2013-08-15,2013,8,"dr",4.75371330931201,3,4.10294746196701,1.29198329255818,20,0.650765847344999,0.50369524984836,15
"72",2013-08-15,2013,8,"fwc",0.290923253150057,3,0.125912004682276,0.166006700884355,20,0.165011248467781,0.994003540753049,15
"73",2013-08-15,2013,8,"rho21_dep",5.66666666666667,3,3.275,1.95958806388408,20,2.39166666666667,1.22049460840569,15
"74",2013-08-15,2013,8,"sal",28.1431728967947,3,29.1393757750534,1.11451879149647,20,-0.996202878258735,-0.893841257643696,15
"75",2013-08-15,2013,8,"temp",13.285784688578,3,12.5355190869661,0.922023363122196,20,0.750265601611861,0.813716475763997,15
"76",2013-09-15,2013,9,"dr",2.77564717096607,2,3.09101105688436,1.5715415744816,19,-0.315363885918293,-0.200671678712872,15
"77",2013-09-15,2013,9,"fwc",0.0319089347079039,2,0.0996038296395419,0.186888933939578,19,-0.067694894931638,-0.362219921236878,15
"78",2013-09-15,2013,9,"rho21_dep",1.5,2,2.47368421052632,1.71167302993402,19,-0.973684210526316,-0.568849420127773,15
"79",2013-09-15,2013,9,"sal",29.5301753512741,2,29.5593463706774,1.19050739979763,19,-0.0291710194033534,-0.0245030139319689,15
"80",2013-09-15,2013,9,"temp",11.9694739582248,2,11.7985788221923,0.933667207339164,19,0.170895136032518,0.183036455269269,15
"81",2013-11-15,2013,11,"dr",0.868209678915889,2,1.38963981921256,0.844027922823392,15,-0.521430140296673,-0.617787784262416,15
"82",2013-11-15,2013,11,"fwc",0,2,0.0484233451496533,0.0790783227862763,15,-0.0484233451496533,-0.61234663866767,15
"83",2013-11-15,2013,11,"rho21_dep",1,2,1.3,0.797316929278619,15,-0.3,-0.376261921682045,15
"84",2013-11-15,2013,11,"sal",30.719852788293,2,29.769099103187,0.970215510039242,15,0.950753685106019,0.979940719632037,15
"85",2013-11-15,2013,11,"temp",8.53990443420161,2,8.85875356772136,0.634126936428886,15,-0.318849133519747,-0.502815942996145,15
"86",2014-01-15,2014,1,"dr",2.36515916392932,2,0.795675678321932,0.682124495145449,15,1.56948348560739,2.30087542197517,15
"87",2014-01-15,2014,1,"fwc",0.107281786941581,2,0.0143042382588775,0.0380252713634106,15,0.0929775486827036,2.44515148344662,15
"88",2014-01-15,2014,1,"rho21_dep",1,2,1,0,15,0,NA,15
"89",2014-01-15,2014,1,"sal",28.5897373469009,2,30.3035930400243,0.8000235255704,15,-1.71385569312342,-2.14225661914314,15
"90",2014-01-15,2014,1,"temp",6.44279951203837,2,7.27368609569284,0.599129282080095,15,-0.830886583654471,-1.38682352625087,15
"91",2014-02-15,2014,2,"dr",0.256882382350796,1,0.640041329133343,0.486478483966721,14,-0.383158946782548,-0.787617457730688,15
"92",2014-02-15,2014,2,"fwc",0,1,0.0151082474226804,0.0565298855702806,14,-0.0151082474226804,-0.267261241912424,15
"93",2014-02-15,2014,2,"rho21_dep",1,1,1.07142857142857,0.267261241912424,14,-0.0714285714285714,-0.267261241912424,15
"94",2014-02-15,2014,2,"sal",31.5141935803837,1,30.4781208113541,0.851309482580111,14,1.03607276902959,1.21703421638099,15
"95",2014-02-15,2014,2,"temp",6.43240777241317,1,7.1266513149376,0.65209015579982,14,-0.694243542524424,-1.06464349499787,15
"96",2014-03-15,2014,3,"dr",1.06107354317021,3,0.725129241997282,0.437767069013682,15,0.335944301172928,0.767404231501087,15
"97",2014-03-15,2014,3,"fwc",0.00142153493699888,3,0.000284306987399776,0.00110111622740973,15,0.0011372279495991,1.03279555898864,15
"98",2014-03-15,2014,3,"rho21_dep",1,3,1,0,15,0,NA,15
"99",2014-03-15,2014,3,"sal",30.6809839632463,3,30.5019006961559,0.601314588088307,15,0.17908326709037,0.297819594997203,15
"100",2014-03-15,2014,3,"temp",6.81221448722575,3,7.21000466350544,0.835904250933948,15,-0.397790176279689,-0.475880073387881,15
"101",2014-04-15,2014,4,"dr",0.643127084010274,4,1.22898486109008,0.79202872961327,26,-0.585857777079811,-0.739692583330749,15
"102",2014-04-15,2014,4,"fwc",0,4,0.0224492733810692,0.0715014121409524,26,-0.0224492733810692,-0.313969650512838,15
"103",2014-04-15,2014,4,"rho21_dep",1,4,1.26923076923077,0.87442288660315,26,-0.269230769230769,-0.307895382606743,15
"104",2014-04-15,2014,4,"sal",30.8195284654487,4,30.1768886465819,0.983577862252803,26,0.642639818866815,0.653369543510162,15
"105",2014-04-15,2014,4,"temp",7.80414291283132,4,8.41957776598743,0.790290012145416,26,-0.615434853156111,-0.77874557908859,15
"106",2014-05-15,2014,5,"dr",2.39214126115672,4,2.58414413297619,1.58297813499261,17,-0.192002871819465,-0.121292181853391,15
"107",2014-05-15,2014,5,"fwc",0.0348256013745706,4,0.0556563574350269,0.0832461889172443,17,-0.0208307560604563,-0.25023074727378,15
"108",2014-05-15,2014,5,"rho21_dep",1.25,4,1.82352941176471,1.33394593769983,17,-0.573529411764706,-0.429949517109863,15
"109",2014-05-15,2014,5,"sal",29.3489856689849,4,29.6228804455656,0.851464478719805,17,-0.273894776580757,-0.321674929989521,15
"110",2014-05-15,2014,5,"temp",10.2705994451985,4,10.1380518255096,0.783849461226831,17,0.132547619688893,0.169098310639186,15
"111",2014-06-15,2014,6,"dr",2.33143851848464,3,3.21252751834585,2.01677255111669,21,-0.881088999861209,-0.436880698010962,15
"112",2014-06-15,2014,6,"fwc",0.00699770904925549,3,0.151304105752432,0.355131231113612,21,-0.144306396703176,-0.406346679931989,15
"113",2014-06-15,2014,6,"rho21_dep",1.33333333333333,3,2.41269841269841,2.52521673856316,21,-1.07936507936508,-0.427434628830804,15
"114",2014-06-15,2014,6,"sal",29.8822053259866,3,29.3635293496802,1.58042023847375,21,0.518675976306422,0.32818864481723,15
"115",2014-06-15,2014,6,"temp",10.6633098628837,3,10.8507581604289,1.11645475869228,21,-0.187448297545282,-0.16789600840149,15
"116",2014-07-15,2014,7,"dr",2.65626323698001,2,3.8449547331535,1.55051482610912,20,-1.18869149617349,-0.766643102121384,15
"117",2014-07-15,2014,7,"fwc",0.0581494845360825,2,0.115857965944404,0.157306590344956,20,-0.057708481408321,-0.366853551919044,15
"118",2014-07-15,2014,7,"rho21_dep",2.5,2,2.99166666666667,1.71719460456336,20,-0.491666666666667,-0.28631971318806,15
"119",2014-07-15,2014,7,"sal",29.9560075284773,2,29.3647149066379,1.25445301993989,20,0.59129262183939,0.471354935131588,15
"120",2014-07-15,2014,7,"temp",12.2462694705459,2,11.5627512128048,1.29475016412177,20,0.683518257741175,0.527915173661945,15
"121",2014-08-15,2014,8,"dr",3.41758753342572,2,4.10294746196701,1.29198329255818,20,-0.685359928541293,-0.530471200741498,15
"122",2014-08-15,2014,8,"fwc",0.0598367697594503,2,0.125912004682276,0.166006700884355,20,-0.0660752349228261,-0.39802751678594,15
"123",2014-08-15,2014,8,"rho21_dep",2.5,2,3.275,1.95958806388408,20,-0.775,-0.395491284256896,15
"124",2014-08-15,2014,8,"sal",29.8590447981798,2,29.1393757750534,1.11451879149647,20,0.71966902312635,0.64572174880968,15
"125",2014-08-15,2014,8,"temp",11.5443666830474,2,12.5355190869661,0.922023363122196,20,-0.991152403918749,-1.0749753678285,15
"126",2014-09-15,2014,9,"dr",2.71388042661401,3,3.09101105688436,1.5715415744816,19,-0.377130630270354,-0.239974962415332,15
"127",2014-09-15,2014,9,"fwc",0.0269083619702177,3,0.0996038296395419,0.186888933939578,19,-0.0726954676693242,-0.388976843823332,15
"128",2014-09-15,2014,9,"rho21_dep",1.66666666666667,3,2.47368421052632,1.71167302993402,19,-0.807017543859649,-0.471478798664461,15
"129",2014-09-15,2014,9,"sal",29.7446823655024,3,29.5593463706774,1.19050739979763,19,0.185335994824907,0.15567815442089,15
"130",2014-09-15,2014,9,"temp",11.5175229511823,3,11.7985788221923,0.933667207339164,19,-0.281055871009972,-0.301023607556001,15
"131",2014-10-15,2014,10,"dr",4.24573932932549,1,2.10825791842751,1.25797056063918,12,2.13748141089797,1.69915058251594,15
"132",2014-10-15,2014,10,"fwc",0.507254295532647,1,0.102168012853575,0.17877381665444,12,0.405086282679072,2.26591505545849,15
"133",2014-10-15,2014,10,"rho21_dep",8,1,2.33333333333333,2.49848438906955,12,5.66666666666667,2.26804165415537,15
"134",2014-10-15,2014,10,"sal",26.8433029268987,1,29.4318142097154,1.45576271405073,12,-2.58851128281671,-1.77811346439424,15
"135",2014-10-15,2014,10,"temp",11.7653342228534,1,10.7630176037381,0.94532652951632,12,1.00231661911533,1.06028614221604,15
"136",2014-11-15,2014,11,"dr",0.55292807423973,1,1.38963981921256,0.844027922823392,15,-0.836711744972831,-0.991331829608092,15
"137",2014-11-15,2014,11,"fwc",0,1,0.0484233451496533,0.0790783227862763,15,-0.0484233451496533,-0.61234663866767,15
"138",2014-11-15,2014,11,"rho21_dep",1,1,1.3,0.797316929278619,15,-0.3,-0.376261921682045,15
"139",2014-11-15,2014,11,"sal",29.7672567628152,1,29.769099103187,0.970215510039242,15,-0.00184234037184794,-0.0018988980827295,15
"140",2014-11-15,2014,11,"temp",8.90703364562974,1,8.85875356772136,0.634126936428886,15,0.0482800779083803,0.0761362987988994,15
"141",2015-01-15,2015,1,"dr",0.270116112822734,1,0.795675678321932,0.682124495145449,15,-0.525559565499198,-0.77047455301709,15
"142",2015-01-15,2015,1,"fwc",0,1,0.0143042382588775,0.0380252713634106,15,-0.0143042382588775,-0.37617715129948,15
"143",2015-01-15,2015,1,"rho21_dep",1,1,1,0,15,0,NA,15
"144",2015-01-15,2015,1,"sal",30.5952079520918,1,30.3035930400243,0.8000235255704,15,0.291614912067534,0.364507921013471,15
"145",2015-01-15,2015,1,"temp",8.5042514828388,1,7.27368609569284,0.599129282080095,15,1.23056538714596,2.05392295778568,15
"146",2015-02-15,2015,2,"dr",1.75199405188357,1,0.640041329133343,0.486478483966721,14,1.11195272275023,2.28571819596916,15
"147",2015-02-15,2015,2,"fwc",0.211515463917526,1,0.0151082474226804,0.0565298855702806,14,0.196407216494846,3.47439614486152,15
"148",2015-02-15,2015,2,"rho21_dep",1,1,1.07142857142857,0.267261241912424,14,-0.0714285714285714,-0.267261241912424,15
"149",2015-02-15,2015,2,"sal",28.1873168962877,1,30.4781208113541,0.851309482580111,14,-2.29080391506642,-2.69091788819684,15
"150",2015-02-15,2015,2,"temp",7.91587693331221,1,7.1266513149376,0.65209015579982,14,0.789225618374612,1.21030138448661,15
"151",2015-03-15,2015,3,"dr",0.444634845562405,2,0.725129241997282,0.437767069013682,15,-0.280494396434877,-0.640738914114416,15
"152",2015-03-15,2015,3,"fwc",0,2,0.000284306987399776,0.00110111622740973,15,-0.000284306987399776,-0.258198889747161,15
"153",2015-03-15,2015,3,"rho21_dep",1,2,1,0,15,0,NA,15
"154",2015-03-15,2015,3,"sal",30.2593551790145,2,30.5019006961559,0.601314588088307,15,-0.242545517141412,-0.403358777495338,15
"155",2015-03-15,2015,3,"temp",8.91106511183803,2,7.21000466350544,0.835904250933948,15,1.70106044833259,2.03499437457342,15
"156",2015-04-15,2015,4,"dr",2.25094893355049,3,1.22898486109008,0.79202872961327,26,1.0219640724604,1.29031187159007,15
"157",2015-04-15,2015,4,"fwc",0.169635738831615,3,0.0224492733810692,0.0715014121409524,26,0.147186465450546,2.05851130828569,15
"158",2015-04-15,2015,4,"rho21_dep",3,3,1.26923076923077,0.87442288660315,26,1.73076923076923,1.97932745961478,15
"159",2015-04-15,2015,4,"sal",28.3092655322163,3,30.1768886465819,0.983577862252803,26,-1.86762311436554,-1.89880556084081,15
"160",2015-04-15,2015,4,"temp",9.21874103256433,3,8.41957776598743,0.790290012145416,26,0.799163266576903,1.01122784584788,15
"161",2015-05-15,2015,5,"dr",1.54256500254129,3,2.58414413297619,1.58297813499261,17,-1.0415791304349,-0.657987060850823,15
"162",2015-05-15,2015,5,"fwc",0.031946162657503,3,0.0556563574350269,0.0832461889172443,17,-0.0237101947775239,-0.284820183192944,15
"163",2015-05-15,2015,5,"rho21_dep",1,3,1.82352941176471,1.33394593769983,17,-0.823529411764706,-0.617363409183393,15
"164",2015-05-15,2015,5,"sal",29.6341549009144,3,29.6228804455656,0.851464478719805,17,0.0112744553488113,0.0132412515502264,15
"165",2015-05-15,2015,5,"temp",10.0169979770593,3,10.1380518255096,0.783849461226831,17,-0.121053848450369,-0.154435072597873,15
"166",2015-06-15,2015,6,"dr",2.92877044801097,3,3.21252751834585,2.01677255111669,21,-0.283757070334871,-0.140698597954317,15
"167",2015-06-15,2015,6,"fwc",0.0143092783505155,3,0.151304105752432,0.355131231113612,21,-0.136994827401916,-0.385758320867278,15
"168",2015-06-15,2015,6,"rho21_dep",2,3,2.41269841269841,2.52521673856316,21,-0.412698412698413,-0.163430887494131,15
"169",2015-06-15,2015,6,"sal",29.8613055872281,3,29.3635293496802,1.58042023847375,21,0.497776237547981,0.314964479339177,15
"170",2015-06-15,2015,6,"temp",11.1047859055537,3,10.8507581604289,1.11645475869228,21,0.254027745124807,0.227530711071851,15
"171",2015-07-15,2015,7,"dr",4.10025650122031,1,3.8449547331535,1.55051482610912,20,0.255301768066814,0.164656128253524,15
"172",2015-07-15,2015,7,"fwc",0.0349828178694158,1,0.115857965944404,0.157306590344956,20,-0.0808751480749877,-0.514124347223073,15
"173",2015-07-15,2015,7,"rho21_dep",3,1,2.99166666666667,1.71719460456336,20,0.0083333333333333,0.00485287649471287,15
"174",2015-07-15,2015,7,"sal",30.7893343717135,1,29.3647149066379,1.25445301993989,20,1.42461946507557,1.13564991468859,15
"175",2015-07-15,2015,7,"temp",13.257830043915,1,11.5627512128048,1.29475016412177,20,1.69507883111024,1.30919375651133,15
"176",2015-08-15,2015,8,"dr",3.06918560733567,2,4.10294746196701,1.29198329255818,20,-1.03376185463134,-0.800135621401457,15
"177",2015-08-15,2015,8,"fwc",0.0154123711340207,2,0.125912004682276,0.166006700884355,20,-0.110499633548256,-0.665633573582267,15
"178",2015-08-15,2015,8,"rho21_dep",2,2,3.275,1.95958806388408,20,-1.275,-0.65064695151941,15
"179",2015-08-15,2015,8,"sal",30.0562358429559,2,29.1393757750534,1.11451879149647,20,0.916860067902505,0.822651062411818,15
"180",2015-08-15,2015,8,"temp",12.2290749834195,2,12.5355190869661,0.922023363122196,20,-0.306444103546651,-0.332360453979123,15
"181",2015-09-15,2015,9,"dr",4.53217006631007,1,3.09101105688436,1.5715415744816,19,1.44115900942571,0.917035242864068,15
"182",2015-09-15,2015,9,"fwc",0.171106529209622,1,0.0996038296395419,0.186888933939578,19,0.0715026995700802,0.38259461415301,15
"183",2015-09-15,2015,9,"rho21_dep",4,1,2.47368421052632,1.71167302993402,19,1.52631578947368,0.891709901821915,15
"184",2015-09-15,2015,9,"sal",29.2264760224405,1,29.5593463706774,1.19050739979763,19,-0.332870348236941,-0.279603762474324,15
"185",2015-09-15,2015,9,"temp",11.625545256413,1,11.7985788221923,0.933667207339164,19,-0.173033565779338,-0.185326810687142,15
"186",2015-10-15,2015,10,"dr",1.60928251019328,2,2.10825791842751,1.25797056063918,12,-0.498975408234232,-0.396651101263212,15
"187",2015-10-15,2015,10,"fwc",0.0365189003436427,2,0.102168012853575,0.17877381665444,12,-0.0656491125099323,-0.367218834046757,15
"188",2015-10-15,2015,10,"rho21_dep",1,2,2.33333333333333,2.49848438906955,12,-1.33333333333333,-0.533656859801263,15
"189",2015-10-15,2015,10,"sal",29.2489331936545,2,29.4318142097154,1.45576271405073,12,-0.182881016060907,-0.12562556678762,15
"190",2015-10-15,2015,10,"temp",10.7002945630956,2,10.7630176037381,0.94532652951632,12,-0.0627230406425276,-0.0663506615799941,15
"191",2015-12-15,2015,12,"dr",0.453086751190767,1,0.95722607583563,0.618692999566757,3,-0.504139324644863,-0.814845690831946,15
"192",2015-12-15,2015,12,"fwc",0,1,0.0270011454753724,0.0467673558259036,3,-0.0270011454753724,-0.577350269189626,15
"193",2015-12-15,2015,12,"rho21_dep",1,1,1,0,3,0,NA,15
"194",2015-12-15,2015,12,"sal",30.4398666245892,1,29.9281412101327,0.889120440781924,3,0.511725414456464,0.57554116516142,15
"195",2015-12-15,2015,12,"temp",8.79986243718927,1,7.90649459939081,0.925293652901836,3,0.893367837798468,0.965496558845675,15
"196",2016-01-15,2016,1,"dr",0.469459861995574,1,0.795675678321932,0.682124495145449,15,-0.326215816326358,-0.478235012300503,15
"197",2016-01-15,2016,1,"fwc",0,1,0.0143042382588775,0.0380252713634106,15,-0.0143042382588775,-0.37617715129948,15
"198",2016-01-15,2016,1,"rho21_dep",1,1,1,0,15,0,NA,15
"199",2016-01-15,2016,1,"sal",30.9191539028477,1,30.3035930400243,0.8000235255704,15,0.615560862823362,0.769428451975184,15
"200",2016-01-15,2016,1,"temp",7.49471269621267,1,7.27368609569284,0.599129282080095,15,0.221026600519825,0.368913032847353,15
"201",2016-02-15,2016,2,"dr",0.694199005059318,1,0.640041329133343,0.486478483966721,14,0.0541576759259742,0.111325942895512,15
"202",2016-02-15,2016,2,"fwc",0,1,0.0151082474226804,0.0565298855702806,14,-0.0151082474226804,-0.267261241912424,15
"203",2016-02-15,2016,2,"rho21_dep",1,1,1.07142857142857,0.267261241912424,14,-0.0714285714285714,-0.267261241912424,15
"204",2016-02-15,2016,2,"sal",30.0717096879982,1,30.4781208113541,0.851309482580111,14,-0.406411123355859,-0.477395273601472,15
"205",2016-02-15,2016,2,"temp",8.30813324083435,1,7.1266513149376,0.65209015579982,14,1.18148192589675,1.81183831006865,15
"206",2016-03-15,2016,3,"dr",0.960461925765458,1,0.725129241997282,0.437767069013682,15,0.235332683768176,0.537575117969463,15
"207",2016-03-15,2016,3,"fwc",0,1,0.000284306987399776,0.00110111622740973,15,-0.000284306987399776,-0.258198889747161,15
"208",2016-03-15,2016,3,"rho21_dep",1,1,1,0,15,0,NA,15
"209",2016-03-15,2016,3,"sal",29.4080425029045,1,30.5019006961559,0.601314588088307,15,-1.09385819325145,-1.8191113518949,15
"210",2016-03-15,2016,3,"temp",8.38610687482826,1,7.21000466350544,0.835904250933948,15,1.17610221132283,1.40698197192894,15
"211",2016-04-15,2016,4,"dr",1.57946469434285,2,1.22898486109008,0.79202872961327,26,0.350479833252761,0.442508990076525,15
"212",2016-04-15,2016,4,"fwc",0.0206563573883162,2,0.0224492733810692,0.0715014121409524,26,-0.00179291599275296,-0.0250752529085515,15
"213",2016-04-15,2016,4,"rho21_dep",1.5,2,1.26923076923077,0.87442288660315,26,0.230769230769231,0.263910327948637,15
"214",2016-04-15,2016,4,"sal",29.4295451187425,2,30.1768886465819,0.983577862252803,26,-0.747343527839377,-0.759821419859581,15
"215",2016-04-15,2016,4,"temp",9.79394269061382,2,8.41957776598743,0.790290012145416,26,1.37436492462639,1.73906401891045,15
"216",2016-05-15,2016,5,"dr",1.74026390036727,1,2.58414413297619,1.58297813499261,17,-0.843880232608921,-0.533096581661163,15
"217",2016-05-15,2016,5,"fwc",0,1,0.0556563574350269,0.0832461889172443,17,-0.0556563574350269,-0.668575440616931,15
"218",2016-05-15,2016,5,"rho21_dep",1,1,1.82352941176471,1.33394593769983,17,-0.823529411764706,-0.617363409183393,15
"219",2016-05-15,2016,5,"sal",29.6910932917628,1,29.6228804455656,0.851464478719805,17,0.0682128461971274,0.0801123803774961,15
"220",2016-05-15,2016,5,"temp",11.2015140365185,1,10.1380518255096,0.783849461226831,17,1.06346221100888,1.35671741018284,15
"221",2016-06-15,2016,6,"dr",1.94763639847322,2,3.21252751834585,2.01677255111669,21,-1.26489111987262,-0.627185806933087,15
"222",2016-06-15,2016,6,"fwc",0,2,0.151304105752432,0.355131231113612,21,-0.151304105752432,-0.426051252315872,15
"223",2016-06-15,2016,6,"rho21_dep",1,2,2.41269841269841,2.52521673856316,21,-1.41269841269841,-0.559436499499141,15
"224",2016-06-15,2016,6,"sal",30.3372686682562,2,29.3635293496802,1.58042023847375,21,0.97373931857604,0.616126834414881,15
"225",2016-06-15,2016,6,"temp",11.9225120192775,2,10.8507581604289,1.11645475869228,21,1.07175385884858,0.959961745430634,15
"226",2016-07-15,2016,7,"dr",3.67176126451026,1,3.8449547331535,1.55051482610912,20,-0.17319346864324,-0.111700620804674,15
"227",2016-07-15,2016,7,"fwc",0.0474158075601375,1,0.115857965944404,0.157306590344956,20,-0.0684421583842661,-0.435087673276625,15
"228",2016-07-15,2016,7,"rho21_dep",3,1,2.99166666666667,1.71719460456336,20,0.0083333333333333,0.00485287649471287,15
"229",2016-07-15,2016,7,"sal",29.8924207431682,1,29.3647149066379,1.25445301993989,20,0.527705836530256,0.420666081664456,15
"230",2016-07-15,2016,7,"temp",12.4082916404402,1,11.5627512128048,1.29475016412177,20,0.845540427635495,0.653052960382535,15
"231",2016-08-15,2016,8,"dr",5.52111536489096,2,4.10294746196701,1.29198329255818,20,1.41816790292395,1.0976673700756,15
"232",2016-08-15,2016,8,"fwc",0.151442726231386,2,0.125912004682276,0.166006700884355,20,0.0255307215491097,0.153793319264234,15
"233",2016-08-15,2016,8,"rho21_dep",4.08333333333333,2,3.275,1.95958806388408,20,0.808333333333333,0.412501662074397,15
"234",2016-08-15,2016,8,"sal",29.3505096082693,2,29.1393757750534,1.11451879149647,20,0.211133833215943,0.189439455688722,15
"235",2016-08-15,2016,8,"temp",12.5345794070174,2,12.5355190869661,0.922023363122196,20,-0.000939679948785965,-0.00101914982458143,15
"236",2016-09-15,2016,9,"dr",1.97121536787193,2,3.09101105688436,1.5715415744816,19,-1.11979568901243,-0.712546016723618,15
"237",2016-09-15,2016,9,"fwc",0,2,0.0996038296395419,0.186888933939578,19,-0.0996038296395419,-0.532957342844838,15
"238",2016-09-15,2016,9,"rho21_dep",1,2,2.47368421052632,1.71167302993402,19,-1.47368421052632,-0.860961284517711,15
"239",2016-09-15,2016,9,"sal",30.6451295235974,2,29.5593463706774,1.19050739979763,19,1.08578315291993,0.912033938726044,15
"240",2016-09-15,2016,9,"temp",11.4613047874657,2,11.7985788221923,0.933667207339164,19,-0.337274034726613,-0.361235815154955,15
"241",2016-10-15,2016,10,"dr",0.470699012024681,1,2.10825791842751,1.25797056063918,12,-1.63755890640283,-1.30174660492117,15
"242",2016-10-15,2016,10,"fwc",0,1,0.102168012853575,0.17877381665444,12,-0.102168012853575,-0.571493156914919,15
"243",2016-10-15,2016,10,"rho21_dep",1,1,2.33333333333333,2.49848438906955,12,-1.33333333333333,-0.533656859801263,15
"244",2016-10-15,2016,10,"sal",31.1011223013647,1,29.4318142097154,1.45576271405073,12,1.66930809164926,1.14668968750019,15
"245",2016-10-15,2016,10,"temp",10.3196308635397,1,10.7630176037381,0.94532652951632,12,-0.443386740198392,-0.469030251827644,15
"246",2016-11-15,2016,11,"dr",1.49105886676875,1,1.38963981921256,0.844027922823392,15,0.101419047556192,0.120160772900653,15
"247",2016-11-15,2016,11,"fwc",0.119792096219932,1,0.0484233451496533,0.0790783227862763,15,0.0713687510702786,0.902507141725373,15
"248",2016-11-15,2016,11,"rho21_dep",1,1,1.3,0.797316929278619,15,-0.3,-0.376261921682045,15
"249",2016-11-15,2016,11,"sal",28.7209635912207,1,29.769099103187,0.970215510039242,15,-1.04813551196628,-1.08031205553897,15
"250",2016-11-15,2016,11,"temp",9.54456584306042,1,8.85875356772136,0.634126936428886,15,0.685812275339066,1.08150629777888,15
"251",2017-01-15,2017,1,"dr",0.641339319140002,1,0.795675678321932,0.682124495145449,15,-0.154336359181931,-0.226258344745443,15
"252",2017-01-15,2017,1,"fwc",0,1,0.0143042382588775,0.0380252713634106,15,-0.0143042382588775,-0.37617715129948,15
"253",2017-01-15,2017,1,"rho21_dep",1,1,1,0,15,0,NA,15
"254",2017-01-15,2017,1,"sal",30.9507044700119,1,30.3035930400243,0.8000235255704,15,0.64711142998755,0.808865501206572,15
"255",2017-01-15,2017,1,"temp",7.68390533519032,1,7.27368609569284,0.599129282080095,15,0.410219239497474,0.684692355668628,15
"256",2017-02-15,2017,2,"dr",1.57299936144301,1,0.640041329133343,0.486478483966721,14,0.932958032309667,1.91777861315134,15
"257",2017-02-15,2017,2,"fwc",0,1,0.0151082474226804,0.0565298855702806,14,-0.0151082474226804,-0.267261241912424,15
"258",2017-02-15,2017,2,"rho21_dep",1,1,1.07142857142857,0.267261241912424,14,-0.0714285714285714,-0.267261241912424,15
"259",2017-02-15,2017,2,"sal",29.5318332632429,1,30.4781208113541,0.851309482580111,14,-0.946287548111158,-1.11156702406649,15
"260",2017-02-15,2017,2,"temp",6.32142174435666,1,7.1266513149376,0.65209015579982,14,-0.805229570580938,-1.2348439298141,15
"261",2017-03-15,2017,3,"dr",0.609712131543233,1,0.725129241997282,0.437767069013682,15,-0.115417110454049,-0.263649595009718,15
"262",2017-03-15,2017,3,"fwc",0,1,0.000284306987399776,0.00110111622740973,15,-0.000284306987399776,-0.258198889747161,15
"263",2017-03-15,2017,3,"rho21_dep",1,1,1,0,15,0,NA,15
"264",2017-03-15,2017,3,"sal",30.5732029386875,1,30.5019006961559,0.601314588088307,15,0.0713022425316154,0.118577270440584,15
"265",2017-03-15,2017,3,"temp",6.87137260724587,1,7.21000466350544,0.835904250933948,15,-0.338632056259568,-0.405108666311025,15
"266",2017-04-15,2017,4,"dr",1.1584185048114,2,1.22898486109008,0.79202872961327,26,-0.0705663562786865,-0.0890957027696993,15
"267",2017-04-15,2017,4,"fwc",0,2,0.0224492733810692,0.0715014121409524,26,-0.0224492733810692,-0.313969650512838,15
"268",2017-04-15,2017,4,"rho21_dep",1,2,1.26923076923077,0.87442288660315,26,-0.269230769230769,-0.307895382606743,15
"269",2017-04-15,2017,4,"sal",30.0621808808239,2,30.1768886465819,0.983577862252803,26,-0.114707765757959,-0.116622964139545,15
"270",2017-04-15,2017,4,"temp",8.67541990347738,2,8.41957776598743,0.790290012145416,26,0.255842137489957,0.323731963656503,15
"271",2017-06-15,2017,6,"dr",4.958577521158,1,3.21252751834585,2.01677255111669,21,1.74605000281216,0.86576446205863,15
"272",2017-06-15,2017,6,"fwc",0.594024054982818,1,0.151304105752432,0.355131231113612,21,0.442719949230386,1.24663761010857,15
"273",2017-06-15,2017,6,"rho21_dep",4.66666666666667,1,2.41269841269841,2.52521673856316,21,2.25396825396825,0.892584077852562,15
"274",2017-06-15,2017,6,"sal",28.131785218625,1,29.3635293496802,1.58042023847375,21,-1.23174413105516,-0.779377599115462,15
"275",2017-06-15,2017,6,"temp",10.8080533978073,1,10.8507581604289,1.11645475869228,21,-0.0427047626216766,-0.0382503297058783,15
"276",2017-07-15,2017,7,"dr",7.58353507788392,1,3.8449547331535,1.55051482610912,20,3.73858034473042,2.41118645354206,15
"277",2017-07-15,2017,7,"fwc",0.603946162657503,1,0.115857965944404,0.157306590344956,20,0.4880881967131,3.10278288813442,15
"278",2017-07-15,2017,7,"rho21_dep",7.33333333333333,1,2.99166666666667,1.71719460456336,20,4.34166666666667,2.52834865374542,15
"279",2017-07-15,2017,7,"sal",26.2668519593161,1,29.3647149066379,1.25445301993989,20,-3.0978629473218,-2.46949299661318,15
"280",2017-07-15,2017,7,"temp",14.6033738174161,1,11.5627512128048,1.29475016412177,20,3.04062260461135,2.34842418936769,15
"281",2017-08-15,2017,8,"dr",2.81713208387018,3,4.10294746196701,1.29198329255818,20,-1.28581537809683,-0.995226010663699,15
"282",2017-08-15,2017,8,"fwc",0.0218476517754869,3,0.125912004682276,0.166006700884355,20,-0.10406435290679,-0.626868387555535,15
"283",2017-08-15,2017,8,"rho21_dep",2.11111111111111,3,3.275,1.95958806388408,20,-1.16388888888889,-0.59394569212774,15
"284",2017-08-15,2017,8,"sal",30.072597257032,3,29.1393757750534,1.11451879149647,20,0.933221481978624,0.837331312041481,15
"285",2017-08-15,2017,8,"temp",12.1529430799756,3,12.5355190869661,0.922023363122196,20,-0.382576006990515,-0.414930925063568,15
"286",2017-09-15,2017,9,"dr",4.68532033123741,1,3.09101105688436,1.5715415744816,19,1.59430927435305,1.01448749447113,15
"287",2017-09-15,2017,9,"fwc",0.796468499427263,1,0.0996038296395419,0.186888933939578,19,0.696864669787721,3.72876368385203,15
"288",2017-09-15,2017,9,"rho21_dep",7,1,2.47368421052632,1.71167302993402,19,4.52631578947368,2.64438108816154,15
"289",2017-09-15,2017,9,"sal",26.5167780019692,1,29.5593463706774,1.19050739979763,19,-3.04256836870829,-2.55569043016909,15
"290",2017-09-15,2017,9,"temp",11.8421915796124,1,11.7985788221923,0.933667207339164,19,0.043612757420135,0.0467112447318633,15
"291",2017-10-15,2017,10,"dr",2.30715386284552,1,2.10825791842751,1.25797056063918,12,0.198895944418001,0.15810858428749,15
"292",2017-10-15,2017,10,"fwc",0,1,0.102168012853575,0.17877381665444,12,-0.102168012853575,-0.571493156914919,15
"293",2017-10-15,2017,10,"rho21_dep",1,1,2.33333333333333,2.49848438906955,12,-1.33333333333333,-0.533656859801263,15
"294",2017-10-15,2017,10,"sal",29.8768129254415,1,29.4318142097154,1.45576271405073,12,0.444998715726125,0.305680803218194,15
"295",2017-10-15,2017,10,"temp",10.2377169518136,1,10.7630176037381,0.94532652951632,12,-0.525300651924475,-0.555681698886889,15
"296",2017-12-15,2017,12,"dr",1.64766052201151,1,0.95722607583563,0.618692999566757,3,0.690434446175876,1.11595645442789,15
"297",2017-12-15,2017,12,"fwc",0.0810034364261173,1,0.0270011454753724,0.0467673558259036,3,0.0540022909507449,1.15470053837925,15
"298",2017-12-15,2017,12,"rho21_dep",1,1,1,0,3,0,NA,15
"299",2017-12-15,2017,12,"sal",28.9014750367954,1,29.9281412101327,0.889120440781924,3,-1.02666617333731,-1.15469865076369,15
"300",2017-12-15,2017,12,"temp",6.95227863826085,1,7.90649459939081,0.925293652901836,3,-0.95421596112996,-1.03125743717945,15
"301",2018-01-15,2018,1,"dr",0.581769754510617,1,0.795675678321932,0.682124495145449,15,-0.213905923811315,-0.313587805941061,15
"302",2018-01-15,2018,1,"fwc",0,1,0.0143042382588775,0.0380252713634106,15,-0.0143042382588775,-0.37617715129948,15
"303",2018-01-15,2018,1,"rho21_dep",1,1,1,0,15,0,NA,15
"304",2018-01-15,2018,1,"sal",30.6325863310252,1,30.3035930400243,0.8000235255704,15,0.328993291000899,0.411229520739822,15
"305",2018-01-15,2018,1,"temp",7.07370536360472,1,7.27368609569284,0.599129282080095,15,-0.199980732088128,-0.333785608664998,15
"306",2018-02-15,2018,2,"dr",0.495119690169417,1,0.640041329133343,0.486478483966721,14,-0.144921638963926,-0.297899380425301,15
"307",2018-02-15,2018,2,"fwc",0,1,0.0151082474226804,0.0565298855702806,14,-0.0151082474226804,-0.267261241912424,15
"308",2018-02-15,2018,2,"rho21_dep",1,1,1.07142857142857,0.267261241912424,14,-0.0714285714285714,-0.267261241912424,15
"309",2018-02-15,2018,2,"sal",30.4364503211383,1,30.4781208113541,0.851309482580111,14,-0.0416704902157683,-0.0489486973520784,15
"310",2018-02-15,2018,2,"temp",6.46301769596968,1,7.1266513149376,0.65209015579982,14,-0.663633618967919,-1.01770225031835,15
"311",2018-03-15,2018,3,"dr",0.432286137302526,1,0.725129241997282,0.437767069013682,15,-0.292843104694756,-0.668947313361306,15
"312",2018-03-15,2018,3,"fwc",0,1,0.000284306987399776,0.00110111622740973,15,-0.000284306987399776,-0.258198889747161,15
"313",2018-03-15,2018,3,"rho21_dep",1,1,1,0,15,0,NA,15
"314",2018-03-15,2018,3,"sal",31.212403362302,1,30.5019006961559,0.601314588088307,15,0.710502666146134,1.18158228691068,15
"315",2018-03-15,2018,3,"temp",7.04853652604161,1,7.21000466350544,0.835904250933948,15,-0.161468137463824,-0.193165828841542,15
"316",2018-04-15,2018,4,"dr",1.39336262686101,1,1.22898486109008,0.79202872961327,26,0.164377765770921,0.207540155583981,15
"317",2018-04-15,2018,4,"fwc",0,1,0.0224492733810692,0.0715014121409524,26,-0.0224492733810692,-0.313969650512838,15
"318",2018-04-15,2018,4,"rho21_dep",1,1,1.26923076923077,0.87442288660315,26,-0.269230769230769,-0.307895382606743,15
"319",2018-04-15,2018,4,"sal",30.3231596699357,1,30.1768886465819,0.983577862252803,26,0.146271023353847,0.148713212209581,15
"320",2018-04-15,2018,4,"temp",9.25175264183938,1,8.41957776598743,0.790290012145416,26,0.832174875851958,1.05299935854287,15
"321",2018-05-15,2018,5,"dr",6.92345909018297,1,2.58414413297619,1.58297813499261,17,4.33931495720678,2.74123493008768,15
"322",2018-05-15,2018,5,"fwc",0.245938144329897,1,0.0556563574350269,0.0832461889172443,17,0.19028178689487,2.2857717496717,15
"323",2018-05-15,2018,5,"rho21_dep",4,1,1.82352941176471,1.33394593769983,17,2.17647058823529,1.63160329569897,15
"324",2018-05-15,2018,5,"sal",29.5948841578147,1,29.6228804455656,0.851464478719805,17,-0.0279962877509838,-0.0328801593615237,15
"325",2018-05-15,2018,5,"temp",11.3117284131454,1,10.1380518255096,0.783849461226831,17,1.17367658763571,1.49732397059857,15
"326",2018-06-15,2018,6,"dr",3.0231134496413,1,3.21252751834585,2.01677255111669,21,-0.189414068704545,-0.0939194003804077,15
"327",2018-06-15,2018,6,"fwc",0.026831615120275,1,0.151304105752432,0.355131231113612,21,-0.124472490632157,-0.350497167601506,15
"328",2018-06-15,2018,6,"rho21_dep",1,1,2.41269841269841,2.52521673856316,21,-1.41269841269841,-0.559436499499141,15
"329",2018-06-15,2018,6,"sal",29.1636763266519,1,29.3635293496802,1.58042023847375,21,-0.199853023028233,-0.12645562120948,15
"330",2018-06-15,2018,6,"temp",12.5542522847625,1,10.8507581604289,1.11645475869228,21,1.70349412433357,1.52580667606173,15
"331",2018-07-15,2018,7,"dr",2.57100422136784,1,3.8449547331535,1.55051482610912,20,-1.27395051178566,-0.821630654756476,15
"332",2018-07-15,2018,7,"fwc",0,1,0.115857965944404,0.157306590344956,20,-0.115857965944404,-0.736510566342707,15
"333",2018-07-15,2018,7,"rho21_dep",1.5,1,2.99166666666667,1.71719460456336,20,-1.49166666666667,-0.868664892553607,15
"334",2018-07-15,2018,7,"sal",30.4196702424236,1,29.3647149066379,1.25445301993989,20,1.05495533578566,0.840968389422996,15
"335",2018-07-15,2018,7,"temp",10.7136092402786,1,11.5627512128048,1.29475016412177,20,-0.849141972526111,-0.655834612774184,15
"336",2018-08-15,2018,8,"dr",4.63448597455215,1,4.10294746196701,1.29198329255818,20,0.531538512585139,0.411412837647978,15
"337",2018-08-15,2018,8,"fwc",0.118941580756014,1,0.125912004682276,0.166006700884355,20,-0.00697042392626247,-0.041988810627098,15
"338",2018-08-15,2018,8,"rho21_dep",4,1,3.275,1.95958806388408,20,0.725,0.369975717530645,15
"339",2018-08-15,2018,8,"sal",28.76869136002,1,29.1393757750534,1.11451879149647,20,-0.370684415033352,-0.332595930962845,15
"340",2018-08-15,2018,8,"temp",14.4796409620128,1,12.5355190869661,0.922023363122196,20,1.9441218750467,2.10853862581467,15
"341",2018-09-15,2018,9,"dr",1.46965207692654,1,3.09101105688436,1.5715415744816,19,-1.62135897995782,-1.03169970574444,15
"342",2018-09-15,2018,9,"fwc",0,1,0.0996038296395419,0.186888933939578,19,-0.0996038296395419,-0.532957342844838,15
"343",2018-09-15,2018,9,"rho21_dep",1,1,2.47368421052632,1.71167302993402,19,-1.47368421052632,-0.860961284517711,15
"344",2018-09-15,2018,9,"sal",30.8998115965448,1,29.5593463706774,1.19050739979763,19,1.34046522586734,1.12596127171927,15
"345",2018-09-15,2018,9,"temp",12.2959185763818,1,11.7985788221923,0.933667207339164,19,0.497339754189541,0.532673473246317,15
"346",2018-10-15,2018,10,"dr",1.09386423580213,1,2.10825791842751,1.25797056063918,12,-1.01439368262538,-0.806373149233289,15
"347",2018-10-15,2018,10,"fwc",0,1,0.102168012853575,0.17877381665444,12,-0.102168012853575,-0.571493156914919,15
"348",2018-10-15,2018,10,"rho21_dep",1,1,2.33333333333333,2.49848438906955,12,-1.33333333333333,-0.533656859801263,15
"349",2018-10-15,2018,10,"sal",30.7905401258727,1,29.4318142097154,1.45576271405073,12,1.35872591615724,0.933342984432212,15
"350",2018-10-15,2018,10,"temp",9.90767219756446,1,10.7630176037381,0.94532652951632,12,-0.855345406173623,-0.904814769782526,15
"351",2018-11-15,2018,11,"dr",2.2558015975236,1,1.38963981921256,0.844027922823392,15,0.866161778311039,1.02622407966505,15
"352",2018-11-15,2018,11,"fwc",0.125441580756014,1,0.0484233451496533,0.0790783227862763,15,0.0770182356063608,0.973948774995098,15
"353",2018-11-15,2018,11,"rho21_dep",1.5,1,1.3,0.797316929278619,15,0.2,0.250841281121363,15
"354",2018-11-15,2018,11,"sal",28.7082026930365,1,29.769099103187,0.970215510039242,15,-1.06089641015052,-1.09346469848498,15
"355",2018-11-15,2018,11,"temp",8.73260236601033,1,8.85875356772136,0.634126936428886,15,-0.126151201711025,-0.19893682867574,15
"356",2019-01-15,2019,1,"dr",1.19436873681616,1,0.795675678321932,0.682124495145449,15,0.398693058494227,0.584487232655695,15
"357",2019-01-15,2019,1,"fwc",0,1,0.0143042382588775,0.0380252713634106,15,-0.0143042382588775,-0.37617715129948,15
"358",2019-01-15,2019,1,"rho21_dep",1,1,1,0,15,0,NA,15
"359",2019-01-15,2019,1,"sal",29.4976702287339,1,30.3035930400243,0.8000235255704,15,-0.805922811290387,-1.00737389030626,15
"360",2019-01-15,2019,1,"temp",7.29259629152414,1,7.27368609569284,0.599129282080095,15,0.0189101958313014,0.0315627968735692,15
"361",2019-02-15,2019,2,"dr",0.152332018908396,2,0.640041329133343,0.486478483966721,14,-0.487709310224947,-1.00253007337178,15
"362",2019-02-15,2019,2,"fwc",0,2,0.0151082474226804,0.0565298855702806,14,-0.0151082474226804,-0.267261241912424,15
"363",2019-02-15,2019,2,"rho21_dep",1,2,1.07142857142857,0.267261241912424,14,-0.0714285714285714,-0.267261241912424,15
"364",2019-02-15,2019,2,"sal",31.158244904654,2,30.4781208113541,0.851309482580111,14,0.680124093299895,0.798915209118317,15
"365",2019-02-15,2019,2,"temp",6.8794412630287,2,7.1266513149376,0.65209015579982,14,-0.2472100519089,-0.379104100422564,15
"366",2019-03-15,2019,3,"dr",0.499034465068917,1,0.725129241997282,0.437767069013682,15,-0.226094776928365,-0.516472784117297,15
"367",2019-03-15,2019,3,"fwc",0,1,0.000284306987399776,0.00110111622740973,15,-0.000284306987399776,-0.258198889747161,15
"368",2019-03-15,2019,3,"rho21_dep",1,1,1,0,15,0,NA,15
"369",2019-03-15,2019,3,"sal",31.2184823728544,1,30.5019006961559,0.601314588088307,15,0.716581676698471,1.19169182137526,15
"370",2019-03-15,2019,3,"temp",6.99927932432548,1,7.21000466350544,0.835904250933948,15,-0.210725339179958,-0.252092675619865,15
"371",2019-04-15,2019,4,"dr",0.46375076080858,1,1.22898486109008,0.79202872961327,26,-0.765234100281505,-0.966169624497273,15
"372",2019-04-15,2019,4,"fwc",0,1,0.0224492733810692,0.0715014121409524,26,-0.0224492733810692,-0.313969650512838,15
"373",2019-04-15,2019,4,"rho21_dep",1,1,1.26923076923077,0.87442288660315,26,-0.269230769230769,-0.307895382606743,15
"374",2019-04-15,2019,4,"sal",31.504346588084,1,30.1768886465819,0.983577862252803,26,1.32745794150216,1.34962161354641,15
"375",2019-04-15,2019,4,"temp",8.3910580853854,1,8.41957776598743,0.790290012145416,26,-0.0285196806020274,-0.0360876136149114,15
"376",2019-05-15,2019,5,"dr",1.55980615999943,1,2.58414413297619,1.58297813499261,17,-1.02433797297676,-0.647095465397283,15
"377",2019-05-15,2019,5,"fwc",0,1,0.0556563574350269,0.0832461889172443,17,-0.0556563574350269,-0.668575440616931,15
"378",2019-05-15,2019,5,"rho21_dep",1,1,1.82352941176471,1.33394593769983,17,-0.823529411764706,-0.617363409183393,15
"379",2019-05-15,2019,5,"sal",31.0537964506184,1,29.6228804455656,0.851464478719805,17,1.43091600505276,1.68053517300472,15
"380",2019-05-15,2019,5,"temp",9.55298817421679,1,10.1380518255096,0.783849461226831,17,-0.585063651292861,-0.74639797592915,15
"381",2019-06-15,2019,6,"dr",1.78394565701205,1,3.21252751834585,2.01677255111669,21,-1.42858186133379,-0.708350508113957,15
"382",2019-06-15,2019,6,"fwc",0,1,0.151304105752432,0.355131231113612,21,-0.151304105752432,-0.426051252315872,15
"383",2019-06-15,2019,6,"rho21_dep",1,1,2.41269841269841,2.52521673856316,21,-1.41269841269841,-0.559436499499141,15
"384",2019-06-15,2019,6,"sal",31.1160937488407,1,29.3635293496802,1.58042023847375,21,1.75256439916052,1.10892302977151,15
"385",2019-06-15,2019,6,"temp",10.2212209983658,1,10.8507581604289,1.11645475869228,21,-0.629537162063158,-0.563871627723226,15
"386",2019-07-15,2019,7,"dr",3.15615957993225,1,3.8449547331535,1.55051482610912,20,-0.688795153221251,-0.444236418525402,15
"387",2019-07-15,2019,7,"fwc",0,1,0.115857965944404,0.157306590344956,20,-0.115857965944404,-0.736510566342707,15
"388",2019-07-15,2019,7,"rho21_dep",1,1,2.99166666666667,1.71719460456336,20,-1.99166666666667,-1.15983748223638,15
"389",2019-07-15,2019,7,"sal",30.0876859306068,1,29.3647149066379,1.25445301993989,20,0.722971023968888,0.576323714381534,15
"390",2019-07-15,2019,7,"temp",13.4154204644347,1,11.5627512128048,1.29475016412177,20,1.85266925162996,1.43090868259255,15
"391",2019-08-15,2019,8,"dr",3.43370361207428,1,4.10294746196701,1.29198329255818,20,-0.669243849892728,-0.517997294351691,15
"392",2019-08-15,2019,8,"fwc",0.0513298969072166,1,0.125912004682276,0.166006700884355,20,-0.0745821077750598,-0.449271670226227,15
"393",2019-08-15,2019,8,"rho21_dep",2,1,3.275,1.95958806388408,20,-1.275,-0.65064695151941,15
"394",2019-08-15,2019,8,"sal",29.2466724046061,1,29.1393757750534,1.11451879149647,20,0.10729662955271,0.0962717097023036,15
"395",2019-08-15,2019,8,"temp",12.1002627282957,1,12.5355190869661,0.922023363122196,20,-0.435256358670467,-0.472066518137439,15
"396",2019-09-15,2019,9,"dr",2.98916748403133,1,3.09101105688436,1.5715415744816,19,-0.101843572853033,-0.0648048861746646,15
"397",2019-09-15,2019,9,"fwc",0.00945360824742275,1,0.0996038296395419,0.186888933939578,19,-0.0901502213921192,-0.482373244320956,15
"398",2019-09-15,2019,9,"rho21_dep",3,1,2.47368421052632,1.71167302993402,19,0.526315789473684,0.307486173042039,15
"399",2019-09-15,2019,9,"sal",29.6474851830072,1,29.5593463706774,1.19050739979763,19,0.0881388123297242,0.0740346614768683,15
"400",2019-09-15,2019,9,"temp",12.8316966534314,1,11.7985788221923,0.933667207339164,19,1.03311783123908,1.10651613671143,15
"401",2019-10-15,2019,10,"dr",1.68570963997956,1,2.10825791842751,1.25797056063918,12,-0.42254827844795,-0.335896794145366,15
"402",2019-10-15,2019,10,"fwc",0,1,0.102168012853575,0.17877381665444,12,-0.102168012853575,-0.571493156914919,15
"403",2019-10-15,2019,10,"rho21_dep",1,1,2.33333333333333,2.49848438906955,12,-1.33333333333333,-0.533656859801263,15
"404",2019-10-15,2019,10,"sal",30.098135799986,1,29.4318142097154,1.45576271405073,12,0.666321590270638,0.457713048863964,15
"405",2019-10-15,2019,10,"temp",10.8460866235766,1,10.7630176037381,0.94532652951632,12,0.0830690198385131,0.0878733614733268,15
"406",2019-11-15,2019,11,"dr",2.2612012928829,1,1.38963981921256,0.844027922823392,15,0.87156147367034,1.03262161132637,15
"407",2019-11-15,2019,11,"fwc",0.0777216494845364,1,0.0484233451496533,0.0790783227862763,15,0.0292983043348831,0.370497290566811,15
"408",2019-11-15,2019,11,"rho21_dep",1,1,1.3,0.797316929278619,15,-0.3,-0.376261921682045,15
"409",2019-11-15,2019,11,"sal",28.8584195653628,1,29.769099103187,0.970215510039242,15,-0.910679537824226,-0.938636342545577,15
"410",2019-11-15,2019,11,"temp",9.13956392367952,1,8.85875356772136,0.634126936428886,15,0.280810355958169,0.442829881253058,15
"411",2020-01-15,2020,1,"dr",0.636454196944214,1,0.795675678321932,0.682124495145449,15,-0.159221481377718,-0.233419973202644,15
"412",2020-01-15,2020,1,"fwc",0,1,0.0143042382588775,0.0380252713634106,15,-0.0143042382588775,-0.37617715129948,15
"413",2020-01-15,2020,1,"rho21_dep",1,1,1,0,15,0,NA,15
"414",2020-01-15,2020,1,"sal",30.2219067269303,1,30.3035930400243,0.8000235255704,15,-0.0816863130939858,-0.102104888772796,15
"415",2020-01-15,2020,1,"temp",6.69139563754562,1,7.27368609569284,0.599129282080095,15,-0.582290458147219,-0.971894506850986,15
"416",2020-02-15,2020,2,"dr",0.895573391673111,1,0.640041329133343,0.486478483966721,14,0.255532062539767,0.525268991253573,15
"417",2020-02-15,2020,2,"fwc",0,1,0.0151082474226804,0.0565298855702806,14,-0.0151082474226804,-0.267261241912424,15
"418",2020-02-15,2020,2,"rho21_dep",1,1,1.07142857142857,0.267261241912424,14,-0.0714285714285714,-0.267261241912424,15
"419",2020-02-15,2020,2,"sal",30.3819904249504,1,30.4781208113541,0.851309482580111,14,-0.0961303864036296,-0.112920610389869,15
"420",2020-02-15,2020,2,"temp",6.93721728972085,1,7.1266513149376,0.65209015579982,14,-0.189434025216751,-0.290502813961976,15
"421",2020-04-15,2020,4,"dr",1.49329616713521,1,1.22898486109008,0.79202872961327,26,0.264311306045128,0.333714291114396,15
"422",2020-04-15,2020,4,"fwc",0,1,0.0224492733810692,0.0715014121409524,26,-0.0224492733810692,-0.313969650512838,15
"423",2020-04-15,2020,4,"rho21_dep",1,1,1.26923076923077,0.87442288660315,26,-0.269230769230769,-0.307895382606743,15
"424",2020-04-15,2020,4,"sal",30.8572585226784,1,30.1768886465819,0.983577862252803,26,0.680369876096599,0.691729554118133,15
"425",2020-04-15,2020,4,"temp",8.89600378868679,1,8.41957776598743,0.790290012145416,26,0.476426022699359,0.602849606318566,15
"426",2020-06-15,2020,6,"dr",1.3116071851033,1,3.21252751834585,2.01677255111669,21,-1.90092033324255,-0.942555635334288,15
"427",2020-06-15,2020,6,"fwc",0,1,0.151304105752432,0.355131231113612,21,-0.151304105752432,-0.426051252315872,15
"428",2020-06-15,2020,6,"rho21_dep",1,1,2.41269841269841,2.52521673856316,21,-1.41269841269841,-0.559436499499141,15
"429",2020-06-15,2020,6,"sal",30.3533123717635,1,29.3635293496802,1.58042023847375,21,0.989783022083319,0.62627837709746,15
"430",2020-06-15,2020,6,"temp",10.3750626432604,1,10.8507581604289,1.11645475869228,21,-0.47569551716856,-0.426076841416977,15
"431",2020-07-15,2020,7,"dr",3.85293007358268,1,3.8449547331535,1.55051482610912,20,0.00797534042918269,0.00514367247244976,15
"432",2020-07-15,2020,7,"fwc",0.132250859106529,1,0.115857965944404,0.157306590344956,20,0.0163928931621258,0.104209830790802,15
"433",2020-07-15,2020,7,"rho21_dep",3,1,2.99166666666667,1.71719460456336,20,0.0083333333333333,0.00485287649471287,15
"434",2020-07-15,2020,7,"sal",28.5229184705818,1,29.3647149066379,1.25445301993989,20,-0.841796436056089,-0.671046601726407,15
"435",2020-07-15,2020,7,"temp",10.7599257525397,1,11.5627512128048,1.29475016412177,20,-0.802825460265066,-0.620062064876913,15
"436",2020-08-15,2020,8,"dr",3.17058955093125,1,4.10294746196701,1.29198329255818,20,-0.932357911035756,-0.721648581994933,15
"437",2020-08-15,2020,8,"fwc",0.0593333333333335,1,0.125912004682276,0.166006700884355,20,-0.0665786713489429,-0.401060143923489,15
"438",2020-08-15,2020,8,"rho21_dep",1,1,3.275,1.95958806388408,20,-2.275,-1.16095828604444,15
"439",2020-08-15,2020,8,"sal",28.8298833835964,1,29.1393757750534,1.11451879149647,20,-0.309492391456956,-0.277691496831022,15
"440",2020-08-15,2020,8,"temp",13.0400524715458,1,12.5355190869661,0.922023363122196,20,0.504533384579611,0.547202386359428,15
"441",2020-09-15,2020,9,"dr",3.26135313392575,2,3.09101105688436,1.5715415744816,19,0.170342077041392,0.10839170901195,15
"442",2020-09-15,2020,9,"fwc",0.103685567010309,2,0.0996038296395419,0.186888933939578,19,0.00408173737076754,0.0218404444004544,15
"443",2020-09-15,2020,9,"rho21_dep",3,2,2.47368421052632,1.71167302993402,19,0.526315789473684,0.307486173042039,15
"444",2020-09-15,2020,9,"sal",28.7022241619974,2,29.5593463706774,1.19050739979763,19,-0.857122208680035,-0.719963780843138,15
"445",2020-09-15,2020,9,"temp",12.7342561790953,2,11.7985788221923,0.933667207339164,19,0.935677356903046,1.00215296151357,15
"446",2020-10-15,2020,10,"dr",4.39756287281944,1,2.10825791842751,1.25797056063918,12,2.28930495439192,1.81983984842118,15
"447",2020-10-15,2020,10,"fwc",0.376243986254296,1,0.102168012853575,0.17877381665444,12,0.274075973400721,1.53308789021658,15
"448",2020-10-15,2020,10,"rho21_dep",6,1,2.33333333333333,2.49848438906955,12,3.66666666666667,1.46755636445347,15
"449",2020-10-15,2020,10,"sal",27.1011333579283,1,29.4318142097154,1.45576271405073,12,-2.3306808517871,-1.60100326055327,15
"450",2020-10-15,2020,10,"temp",12.8348973711221,1,10.7630176037381,0.94532652951632,12,2.07187976738405,2.19170805292446,15
"451",2020-11-15,2020,11,"dr",2.49457201510313,2,1.38963981921256,0.844027922823392,15,1.10493219589057,1.30911805878935,15
"452",2020-11-15,2020,11,"fwc",0.131530927835052,2,0.0484233451496533,0.0790783227862763,15,0.0831075826853987,1.05095277387221,15
"453",2020-11-15,2020,11,"rho21_dep",3,2,1.3,0.797316929278619,15,1.7,2.13215088953159,15
"454",2020-11-15,2020,11,"sal",29.003612462026,2,29.769099103187,0.970215510039242,15,-0.765486641161022,-0.78898619249043,15
"455",2020-11-15,2020,11,"temp",9.43062196149614,2,8.85875356772136,0.634126936428886,15,0.571868393774784,0.901820063022849,15
"456",2021-01-15,2021,1,"dr",0.847272612435177,1,0.795675678321932,0.682124495145449,15,0.0515969341132442,0.0756415206907973,15
"457",2021-01-15,2021,1,"fwc",0,1,0.0143042382588775,0.0380252713634106,15,-0.0143042382588775,-0.37617715129948,15
"458",2021-01-15,2021,1,"rho21_dep",1,1,1,0,15,0,NA,15
"459",2021-01-15,2021,1,"sal",30.4004786553906,1,30.3035930400243,0.8000235255704,15,0.0968856153662934,0.12110345792296,15
"460",2021-01-15,2021,1,"temp",7.77496496949353,1,7.27368609569284,0.599129282080095,15,0.501278873800691,0.83667897529615,15
"461",2021-02-15,2021,2,"dr",0.256214172124828,1,0.640041329133343,0.486478483966721,14,-0.383827157008515,-0.788991023567596,15
"462",2021-02-15,2021,2,"fwc",0,1,0.0151082474226804,0.0565298855702806,14,-0.0151082474226804,-0.267261241912424,15
"463",2021-02-15,2021,2,"rho21_dep",1,1,1.07142857142857,0.267261241912424,14,-0.0714285714285714,-0.267261241912424,15
"464",2021-02-15,2021,2,"sal",30.2393095161188,1,30.4781208113541,0.851309482580111,14,-0.238811295235291,-0.28052230137448,15
"465",2021-02-15,2021,2,"temp",6.52316761180465,1,7.1266513149376,0.65209015579982,14,-0.603483703132951,-0.925460532973004,15
"466",2021-03-15,2021,3,"dr",0.538060942249956,2,0.725129241997282,0.437767069013682,15,-0.187068299747326,-0.427323828100645,15
"467",2021-03-15,2021,3,"fwc",0,2,0.000284306987399776,0.00110111622740973,15,-0.000284306987399776,-0.258198889747161,15
"468",2021-03-15,2021,3,"rho21_dep",1,2,1,0,15,0,NA,15
"469",2021-03-15,2021,3,"sal",30.5768202011649,2,30.5019006961559,0.601314588088307,15,0.0749195050090385,0.124592861196369,15
"470",2021-03-15,2021,3,"temp",6.78630849143905,2,7.21000466350544,0.835904250933948,15,-0.423696172066387,-0.506871656165158,15
"471",2021-04-15,2021,4,"dr",0.792240998678039,1,1.22898486109008,0.79202872961327,26,-0.436743862412045,-0.55142426793697,15
"472",2021-04-15,2021,4,"fwc",0,1,0.0224492733810692,0.0715014121409524,26,-0.0224492733810692,-0.313969650512838,15
"473",2021-04-15,2021,4,"rho21_dep",1,1,1.26923076923077,0.87442288660315,26,-0.269230769230769,-0.307895382606743,15
"474",2021-04-15,2021,4,"sal",30.4598620477283,1,30.1768886465819,0.983577862252803,26,0.282973401146439,0.287698017621413,15
"475",2021-04-15,2021,4,"temp",7.16717193354678,1,8.41957776598743,0.790290012145416,26,-1.25240583244065,-1.58474207340761,15
"476",2021-05-15,2021,5,"dr",4.57795036686412,1,2.58414413297619,1.58297813499261,17,1.99380623388793,1.25952859980422,15
"477",2021-05-15,2021,5,"fwc",0.218800687285224,1,0.0556563574350269,0.0832461889172443,17,0.163144329850197,1.95978136623623,15
"478",2021-05-15,2021,5,"rho21_dep",5,1,1.82352941176471,1.33394593769983,17,3.17647058823529,2.38125886399309,15
"479",2021-05-15,2021,5,"sal",28.1244167209858,1,29.6228804455656,0.851464478719805,17,-1.49846372457982,-1.75986639728389,15
"480",2021-05-15,2021,5,"temp",10.5001122982756,1,10.1380518255096,0.783849461226831,17,0.362060472765949,0.461900518754296,15
"481",2021-06-15,2021,6,"dr",2.34777776671785,1,3.21252751834585,2.01677255111669,21,-0.864749751627991,-0.428779016825262,15
"482",2021-06-15,2021,6,"fwc",0.00471654541403007,1,0.151304105752432,0.355131231113612,21,-0.146587560338402,-0.412770118467857,15
"483",2021-06-15,2021,6,"rho21_dep",1,1,2.41269841269841,2.52521673856316,21,-1.41269841269841,-0.559436499499141,15
"484",2021-06-15,2021,6,"sal",29.574429791073,1,29.3635293496802,1.58042023847375,21,0.210900441392862,0.13344579894556,15
"485",2021-06-15,2021,6,"temp",10.0123052020376,1,10.8507581604289,1.11645475869228,21,-0.838452958391375,-0.750995910818156,15
"486",2021-07-15,2021,7,"dr",3.36369902107811,1,3.8449547331535,1.55051482610912,20,-0.481255712075396,-0.310384463257966,15
"487",2021-07-15,2021,7,"fwc",0.0379756317775952,1,0.115857965944404,0.157306590344956,20,-0.0778823341668083,-0.495098991059567,15
"488",2021-07-15,2021,7,"rho21_dep",3,1,2.99166666666667,1.71719460456336,20,0.0083333333333333,0.00485287649471287,15
"489",2021-07-15,2021,7,"sal",29.6084799534309,1,29.3647149066379,1.25445301993989,20,0.243765046792948,0.194319789516413,15
"490",2021-07-15,2021,7,"temp",10.6100576811332,1,11.5627512128048,1.29475016412177,20,-0.952693531671549,-0.735812636345764,15
"491",2021-08-15,2021,8,"dr",3.0361331559443,1,4.10294746196701,1.29198329255818,20,-1.06681430602271,-0.825718344941113,15
"492",2021-08-15,2021,8,"fwc",0,1,0.125912004682276,0.166006700884355,20,-0.125912004682276,-0.758475435096987,15
"493",2021-08-15,2021,8,"rho21_dep",1,1,3.275,1.95958806388408,20,-2.275,-1.16095828604444,15
"494",2021-08-15,2021,8,"sal",29.7074220407103,1,29.1393757750534,1.11451879149647,20,0.568046265656871,0.509678499807216,15
"495",2021-08-15,2021,8,"temp",14.0541199945433,1,12.5355190869661,0.922023363122196,20,1.51860090757713,1.64703083274895,15
"496",2021-09-15,2021,9,"dr",2.98313105455088,1,3.09101105688436,1.5715415744816,19,-0.107880002333479,-0.0686459741728851,15
"497",2021-09-15,2021,9,"fwc",0.0228037967022163,1,0.0996038296395419,0.186888933939578,19,-0.0768000329373257,-0.410939435087983,15
"498",2021-09-15,2021,9,"rho21_dep",1,1,2.47368421052632,1.71167302993402,19,-1.47368421052632,-0.860961284517711,15
"499",2021-09-15,2021,9,"sal",29.2392919310946,1,29.5593463706774,1.19050739979763,19,-0.320054439582897,-0.268838681420461,15
"500",2021-09-15,2021,9,"temp",12.2346419828617,1,11.7985788221923,0.933667207339164,19,0.43606316066945,0.467043457499355,15
"501",2021-10-15,2021,10,"dr",3.33817844411931,1,2.10825791842751,1.25797056063918,12,1.22992052569179,0.977702153114667,15
"502",2021-10-15,2021,10,"fwc",0.269480071768672,1,0.102168012853575,0.17877381665444,12,0.167312058915097,0.935886820822882,15
"503",2021-10-15,2021,10,"rho21_dep",5,1,2.33333333333333,2.49848438906955,12,2.66666666666667,1.06731371960253,15
"504",2021-10-15,2021,10,"sal",27.8304643503454,1,29.4318142097154,1.45576271405073,12,-1.60134985937004,-1.10000746956501,15
"505",2021-10-15,2021,10,"temp",10.7458236925911,1,10.7630176037381,0.94532652951632,12,-0.0171939111469452,-0.0181883302859834,15
"506",2021-11-15,2021,11,"dr",1.81050795791839,1,1.38963981921256,0.844027922823392,15,0.420868138705828,0.498642435072485,15
"507",2021-11-15,2021,11,"fwc",0.131587321601205,1,0.0484233451496533,0.0790783227862763,15,0.0831639764515516,1.05166591198852,15
"508",2021-11-15,2021,11,"rho21_dep",1,1,1.3,0.797316929278619,15,-0.3,-0.376261921682045,15
"509",2021-11-15,2021,11,"sal",28.685662221467,1,29.769099103187,0.970215510039242,15,-1.08343688172002,-1.11669713636736,15
"510",2021-11-15,2021,11,"temp",9.36006872396745,1,8.85875356772136,0.634126936428886,15,0.501315156246099,0.790559630015526,15
"511",2022-01-15,2022,1,"dr",0.242621164256889,1,0.795675678321932,0.682124495145449,15,-0.553054514065044,-0.810782368909235,15
"512",2022-01-15,2022,1,"fwc",0,1,0.0143042382588775,0.0380252713634106,15,-0.0143042382588775,-0.37617715129948,15
"513",2022-01-15,2022,1,"rho21_dep",1,1,1,0,15,0,NA,15
"514",2022-01-15,2022,1,"sal",30.9298625009149,1,30.3035930400243,0.8000235255704,15,0.62626946089058,0.782813805936598,15
"515",2022-01-15,2022,1,"temp",7.28351350047032,1,7.27368609569284,0.599129282080095,15,0.00982740477747424,0.0164028116658809,15
"516",2022-02-15,2022,2,"dr",0.483418037087063,1,0.640041329133343,0.486478483966721,14,-0.156623292046281,-0.32195317410378,15
"517",2022-02-15,2022,2,"fwc",0,1,0.0151082474226804,0.0565298855702806,14,-0.0151082474226804,-0.267261241912424,15
"518",2022-02-15,2022,2,"rho21_dep",2,1,1.07142857142857,0.267261241912424,14,0.928571428571429,3.47439614486152,15
"519",2022-02-15,2022,2,"sal",30.505151904842,1,30.4781208113541,0.851309482580111,14,0.0270310934878921,0.031752369779751,15
"520",2022-02-15,2022,2,"temp",7.36753093602796,1,7.1266513149376,0.65209015579982,14,0.240879621090365,0.369396193069216,15
"521",2022-03-15,2022,3,"dr",1.12834878089393,1,0.725129241997282,0.437767069013682,15,0.403219538896648,0.921082391613258,15
"522",2022-03-15,2022,3,"fwc",0,1,0.000284306987399776,0.00110111622740973,15,-0.000284306987399776,-0.258198889747161,15
"523",2022-03-15,2022,3,"rho21_dep",1,1,1,0,15,0,NA,15
"524",2022-03-15,2022,3,"sal",29.8492694412282,1,30.5019006961559,0.601314588088307,15,-0.652631254927741,-1.0853407980714,15
"525",2022-03-15,2022,3,"temp",6.70869562037018,1,7.21000466350544,0.835904250933948,15,-0.501309043135258,-0.599720652903906,15
"526",2022-04-15,2022,4,"dr",2.04947668227521,1,1.22898486109008,0.79202872961327,26,0.820491821185128,1.03593694333002,15
"527",2022-04-15,2022,4,"fwc",0.0126467436466295,1,0.0224492733810692,0.0715014121409524,26,-0.00980252973443965,-0.1370956102953,15
"528",2022-04-15,2022,4,"rho21_dep",1,1,1.26923076923077,0.87442288660315,26,-0.269230769230769,-0.307895382606743,15
"529",2022-04-15,2022,4,"sal",29.7235516459289,1,30.1768886465819,0.983577862252803,26,-0.453337000652983,-0.46090606351657,15
"530",2022-04-15,2022,4,"temp",7.60977666298008,1,8.41957776598743,0.790290012145416,26,-0.809801103007351,-1.02468852011551,15
"531",2022-05-15,2022,5,"dr",0.567862327752437,1,2.58414413297619,1.58297813499261,17,-2.01628180522375,-1.27372688267306,15
"532",2022-05-15,2022,5,"fwc",0,1,0.0556563574350269,0.0832461889172443,17,-0.0556563574350269,-0.668575440616931,15
"533",2022-05-15,2022,5,"rho21_dep",1,1,1.82352941176471,1.33394593769983,17,-0.823529411764706,-0.617363409183393,15
"534",2022-05-15,2022,5,"sal",30.7265243401094,1,29.6228804455656,0.851464478719805,17,1.10364389454378,1.29617138721175,15
"535",2022-05-15,2022,5,"temp",8.33176313036455,1,10.1380518255096,0.783849461226831,17,-1.8062886951451,-2.30438213521001,15
"536",2022-06-15,2022,6,"dr",3.15069940844614,1,3.21252751834585,2.01677255111669,21,-0.0618281098997016,-0.0306569572585005,15
"537",2022-06-15,2022,6,"fwc",0.0668758609540452,1,0.151304105752432,0.355131231113612,21,-0.0844282447983866,-0.237738158183493,15
"538",2022-06-15,2022,6,"rho21_dep",2,1,2.41269841269841,2.52521673856316,21,-0.412698412698413,-0.163430887494131,15
"539",2022-06-15,2022,6,"sal",28.8539708034989,1,29.3635293496802,1.58042023847375,21,-0.509558546181239,-0.322419653821526,15
"540",2022-06-15,2022,6,"temp",12.0293273081617,1,10.8507581604289,1.11645475869228,21,1.17856914773273,1.05563538384054,15
"541",2022-07-15,2022,7,"dr",5.36543762643669,2,3.8449547331535,1.55051482610912,20,1.52048289328319,0.980630992803021,15
"542",2022-07-15,2022,7,"fwc",0.254307765662912,2,0.115857965944404,0.157306590344956,20,0.138449799718508,0.88012714162136,15
"543",2022-07-15,2022,7,"rho21_dep",4.5,2,2.99166666666667,1.71719460456336,20,1.50833333333333,0.878370645543033,15
"544",2022-07-15,2022,7,"sal",28.2034529822425,2,29.3647149066379,1.25445301993989,20,-1.16126192439548,-0.925711769143118,15
"545",2022-07-15,2022,7,"temp",11.1943238780886,2,11.5627512128048,1.29475016412177,20,-0.368427334716118,-0.284554769657838,15
"546",2022-09-15,2022,9,"dr",7.11165105034411,1,3.09101105688436,1.5715415744816,19,4.02063999345975,2.55840510919097,15
"547",2022-09-15,2022,9,"fwc",0.274839642279548,1,0.0996038296395419,0.186888933939578,19,0.175235812640006,0.937646809503771,15
"548",2022-09-15,2022,9,"rho21_dep",5,1,2.47368421052632,1.71167302993402,19,2.52631578947368,1.47593363060179,15
"549",2022-09-15,2022,9,"sal",28.5900887478932,1,29.5593463706774,1.19050739979763,19,-0.969257622784273,-0.814155059388151,15
"550",2022-09-15,2022,9,"temp",13.3302967512059,1,11.7985788221923,0.933667207339164,19,1.53171792901358,1.64053949520064,15
"551",2022-10-15,2022,10,"dr",1.89545216903457,1,2.10825791842751,1.25797056063918,12,-0.212805749392944,-0.169165921724604,15
"552",2022-10-15,2022,10,"fwc",0,1,0.102168012853575,0.17877381665444,12,-0.102168012853575,-0.571493156914919,15
"553",2022-10-15,2022,10,"rho21_dep",1,1,2.33333333333333,2.49848438906955,12,-1.33333333333333,-0.533656859801263,15
"554",2022-10-15,2022,10,"sal",30.0687831916,1,29.4318142097154,1.45576271405073,12,0.636968981884621,0.437550004363159,15
"555",2022-10-15,2022,10,"temp",10.4354424242958,1,10.7630176037381,0.94532652951632,12,-0.327575179442317,-0.346520666895831,15
"556",2022-11-15,2022,11,"dr",0.67900401971383,1,1.38963981921256,0.844027922823392,15,-0.710635799498732,-0.841957689174021,15
"557",2022-11-15,2022,11,"fwc",0,1,0.0484233451496533,0.0790783227862763,15,-0.0484233451496533,-0.61234663866767,15
"558",2022-11-15,2022,11,"rho21_dep",1,1,1.3,0.797316929278619,15,-0.3,-0.376261921682045,15
"559",2022-11-15,2022,11,"sal",31.3079813899622,1,29.769099103187,0.970215510039242,15,1.53888228677517,1.58612418669015,15
"560",2022-11-15,2022,11,"temp",8.22459560517439,1,8.85875356772136,0.634126936428886,15,-0.634157962546965,-1.00004892729877,15
"561",2023-01-15,2023,1,"dr",0.636327805163774,1,0.795675678321932,0.682124495145449,15,-0.159347873158159,-0.233605264570042,15
"562",2023-01-15,2023,1,"fwc",0,1,0.0143042382588775,0.0380252713634106,15,-0.0143042382588775,-0.37617715129948,15
"563",2023-01-15,2023,1,"rho21_dep",1,1,1,0,15,0,NA,15
"564",2023-01-15,2023,1,"sal",30.9352794872303,1,30.3035930400243,0.8000235255704,15,0.63168644720599,0.789584839715321,15
"565",2023-01-15,2023,1,"temp",6.89621403603305,1,7.27368609569284,0.599129282080095,15,-0.377472059659793,-0.630034403174656,15
"566",2023-02-15,2023,2,"dr",0.434873687268919,1,0.640041329133343,0.486478483966721,14,-0.205167641864425,-0.421740423526028,15
"567",2023-02-15,2023,2,"fwc",0,1,0.0151082474226804,0.0565298855702806,14,-0.0151082474226804,-0.267261241912424,15
"568",2023-02-15,2023,2,"rho21_dep",1,1,1.07142857142857,0.267261241912424,14,-0.0714285714285714,-0.267261241912424,15
"569",2023-02-15,2023,2,"sal",31.335603697377,1,30.4781208113541,0.851309482580111,14,0.857482886022961,1.00725165591265,15
"570",2023-02-15,2023,2,"temp",7.52052024286708,1,7.1266513149376,0.65209015579982,14,0.393868927929486,0.604009927808812,15
"571",2023-03-15,2023,3,"dr",0.677098560432796,1,0.725129241997282,0.437767069013682,15,-0.0480306815644856,-0.109717438711646,15
"572",2023-03-15,2023,3,"fwc",0,1,0.000284306987399776,0.00110111622740973,15,-0.000284306987399776,-0.258198889747161,15
"573",2023-03-15,2023,3,"rho21_dep",1,1,1,0,15,0,NA,15
"574",2023-03-15,2023,3,"sal",30.3961830133742,1,30.5019006961559,0.601314588088307,15,-0.105717682781734,-0.175810939691036,15
"575",2023-03-15,2023,3,"temp",6.1654094479781,1,7.21000466350544,0.835904250933948,15,-1.04459521552733,-1.24965893445358,15
"576",2023-04-15,2023,4,"dr",0.484488347981596,1,1.22898486109008,0.79202872961327,26,-0.744496513108489,-0.939986752086644,15
"577",2023-04-15,2023,4,"fwc",0,1,0.0224492733810692,0.0715014121409524,26,-0.0224492733810692,-0.313969650512838,15
"578",2023-04-15,2023,4,"rho21_dep",1,1,1.26923076923077,0.87442288660315,26,-0.269230769230769,-0.307895382606743,15
"579",2023-04-15,2023,4,"sal",31.2425281445707,1,30.1768886465819,0.983577862252803,26,1.06563949798882,1.08343176365119,15
"580",2023-04-15,2023,4,"temp",7.58326251802184,1,8.41957776598743,0.790290012145416,26,-0.836315247965584,-1.05823841262428,15
"581",2023-05-15,2023,5,"dr",3.02517637778715,1,2.58414413297619,1.58297813499261,17,0.441032244810959,0.278609182945549,15
"582",2023-05-15,2023,5,"fwc",0.0245670111033597,1,0.0556563574350269,0.0832461889172443,17,-0.0310893463316672,-0.373462698245242,15
"583",2023-05-15,2023,5,"rho21_dep",3,1,1.82352941176471,1.33394593769983,17,1.17647058823529,0.881947727404847,15
"584",2023-05-15,2023,5,"sal",30.1990204997703,1,29.6228804455656,0.851464478719805,17,0.576140054204693,0.676646024119446,15
"585",2023-05-15,2023,5,"temp",9.92452933684238,1,10.1380518255096,0.783849461226831,17,-0.213522488667268,-0.272402418103441,15
"586",2023-06-15,2023,6,"dr",1.86433122016285,1,3.21252751834585,2.01677255111669,21,-1.34819629818299,-0.668491991046036,15
"587",2023-06-15,2023,6,"fwc",0,1,0.151304105752432,0.355131231113612,21,-0.151304105752432,-0.426051252315872,15
"588",2023-06-15,2023,6,"rho21_dep",1,1,2.41269841269841,2.52521673856316,21,-1.41269841269841,-0.559436499499141,15
"589",2023-06-15,2023,6,"sal",31.1531139982796,1,29.3635293496802,1.58042023847375,21,1.78958464859942,1.13234733714096,15
"590",2023-06-15,2023,6,"temp",8.09709824660077,1,10.8507581604289,1.11645475869228,21,-2.75365991382816,-2.46643215265933,15
"591",2023-07-15,2023,7,"dr",2.47731526505117,1,3.8449547331535,1.55051482610912,20,-1.36763946810233,-0.88205507298134,15
"592",2023-07-15,2023,7,"fwc",0,1,0.115857965944404,0.157306590344956,20,-0.115857965944404,-0.736510566342707,15
"593",2023-07-15,2023,7,"rho21_dep",1,1,2.99166666666667,1.71719460456336,20,-1.99166666666667,-1.15983748223638,15
"594",2023-07-15,2023,7,"sal",30.3985218340254,1,29.3647149066379,1.25445301993989,20,1.03380692738745,0.824109720296252,15
"595",2023-07-15,2023,7,"temp",11.3713818872439,1,11.5627512128048,1.29475016412177,20,-0.191369325560828,-0.147804055843186,15
"596",2023-08-15,2023,8,"dr",4.17236173427193,1,4.10294746196701,1.29198329255818,20,0.0694142723049209,0.0537269117214958,15
"597",2023-08-15,2023,8,"fwc",0.0487326480556061,1,0.125912004682276,0.166006700884355,20,-0.0771793566266703,-0.464917116089403,15
"598",2023-08-15,2023,8,"rho21_dep",3,1,3.275,1.95958806388408,20,-0.275,-0.140335616994383,15
"599",2023-08-15,2023,8,"sal",29.2722184931943,1,29.1393757750534,1.11451879149647,20,0.13284271814085,0.119192892174103,15
"600",2023-08-15,2023,8,"temp",12.7665667614271,1,12.5355190869661,0.922023363122196,20,0.231047674460948,0.250587657213548,15
"601",2023-09-15,2023,9,"dr",1.2617424168144,1,3.09101105688436,1.5715415744816,19,-1.82926864006996,-1.16399633950084,15
"602",2023-09-15,2023,9,"fwc",0,1,0.0996038296395419,0.186888933939578,19,-0.0996038296395419,-0.532957342844838,15
"603",2023-09-15,2023,9,"rho21_dep",1,1,2.47368421052632,1.71167302993402,19,-1.47368421052632,-0.860961284517711,15
"604",2023-09-15,2023,9,"sal",30.779304165281,1,29.5593463706774,1.19050739979763,19,1.21995779460351,1.02473768311804,15
"605",2023-09-15,2023,9,"temp",11.4330821409148,1,11.7985788221923,0.933667207339164,19,-0.365496681277461,-0.391463551899913,15
"606",2023-10-15,2023,10,"dr",1.74767656339839,1,2.10825791842751,1.25797056063918,12,-0.360581355029128,-0.286637355683359,15
"607",2023-10-15,2023,10,"fwc",0,1,0.102168012853575,0.17877381665444,12,-0.102168012853575,-0.571493156914919,15
"608",2023-10-15,2023,10,"rho21_dep",1,1,2.33333333333333,2.49848438906955,12,-1.33333333333333,-0.533656859801263,15
"609",2023-10-15,2023,10,"sal",30.288672992404,1,29.4318142097154,1.45576271405073,12,0.856858782688612,0.58859783563515,15
"610",2023-10-15,2023,10,"temp",11.4870137495829,1,10.7630176037381,0.94532652951632,12,0.723996145844811,0.76586885402999,15
"611",2023-11-15,2023,11,"dr",1.29608314059044,1,1.38963981921256,0.844027922823392,15,-0.0935566786221216,-0.110845478084613,15
"612",2023-11-15,2023,11,"fwc",0,1,0.0484233451496533,0.0790783227862763,15,-0.0484233451496533,-0.61234663866767,15
"613",2023-11-15,2023,11,"rho21_dep",1,1,1.3,0.797316929278619,15,-0.3,-0.376261921682045,15
"614",2023-11-15,2023,11,"sal",29.5687268414909,1,29.769099103187,0.970215510039242,15,-0.200372261696057,-0.206523457543935,15
"615",2023-11-15,2023,11,"temp",8.45367436387354,1,8.85875356772136,0.634126936428886,15,-0.405079203847817,-0.638798291914611,15
"616",2024-01-15,2024,1,"dr",0.500054947265653,1,0.795675678321932,0.682124495145449,15,-0.295620731056279,-0.433382371048329,15
"617",2024-01-15,2024,1,"fwc",0,1,0.0143042382588775,0.0380252713634106,15,-0.0143042382588775,-0.37617715129948,15
"618",2024-01-15,2024,1,"rho21_dep",1,1,1,0,15,0,NA,15
"619",2024-01-15,2024,1,"sal",30.0984901587504,1,30.3035930400243,0.8000235255704,15,-0.20510288127392,-0.256371062498051,15
"620",2024-01-15,2024,1,"temp",7.47594038999901,1,7.27368609569284,0.599129282080095,15,0.202254294306166,0.337580385996102,15
"621",2024-02-15,2024,2,"dr",0.48116875253902,1,0.640041329133343,0.486478483966721,14,-0.158872576594324,-0.326576779509105,15
"622",2024-02-15,2024,2,"fwc",0,1,0.0151082474226804,0.0565298855702806,14,-0.0151082474226804,-0.267261241912424,15
"623",2024-02-15,2024,2,"rho21_dep",1,1,1.07142857142857,0.267261241912424,14,-0.0714285714285714,-0.267261241912424,15
"624",2024-02-15,2024,2,"sal",30.7229844137785,1,30.4781208113541,0.851309482580111,14,0.244863602424434,0.287631710247503,15
"625",2024-02-15,2024,2,"temp",8.21005944859095,1,7.1266513149376,0.65209015579982,14,1.08340813365335,1.66143917987,15
"626",2024-03-15,2024,3,"dr",0.350219401561844,1,0.725129241997282,0.437767069013682,15,-0.374909840435438,-0.856413985821579,15
"627",2024-03-15,2024,3,"fwc",0,1,0.000284306987399776,0.00110111622740973,15,-0.000284306987399776,-0.258198889747161,15
"628",2024-03-15,2024,3,"rho21_dep",1,1,1,0,15,0,NA,15
"629",2024-03-15,2024,3,"sal",30.7141498640887,1,30.5019006961559,0.601314588088307,15,0.212249167932832,0.352975251453008,15
"630",2024-03-15,2024,3,"temp",7.0275692979529,1,7.21000466350544,0.835904250933948,15,-0.182435365552531,-0.218249118064297,15
"631",2024-04-15,2024,4,"dr",0.305032845050846,1,1.22898486109008,0.79202872961327,26,-0.923952016039239,-1.16656376403213,15
"632",2024-04-15,2024,4,"fwc",0,1,0.0224492733810692,0.0715014121409524,26,-0.0224492733810692,-0.313969650512838,15
"633",2024-04-15,2024,4,"rho21_dep",1,1,1.26923076923077,0.87442288660315,26,-0.269230769230769,-0.307895382606743,15
"634",2024-04-15,2024,4,"sal",31.0213261652344,1,30.1768886465819,0.983577862252803,26,0.844437518652537,0.858536523705834,15
"635",2024-04-15,2024,4,"temp",8.29084772907497,1,8.41957776598743,0.790290012145416,26,-0.128730036912456,-0.162889616386509,15
"636",2024-05-15,2024,5,"dr",1.63662192052948,1,2.58414413297619,1.58297813499261,17,-0.94752221244671,-0.598569362078482,15
"637",2024-05-15,2024,5,"fwc",0,1,0.0556563574350269,0.0832461889172443,17,-0.0556563574350269,-0.668575440616931,15
"638",2024-05-15,2024,5,"rho21_dep",1,1,1.82352941176471,1.33394593769983,17,-0.823529411764706,-0.617363409183393,15
"639",2024-05-15,2024,5,"sal",30.4627484584047,1,29.6228804455656,0.851464478719805,17,0.839868012839094,0.986380564109796,15
"640",2024-05-15,2024,5,"temp",10.8619010001273,1,10.1380518255096,0.783849461226831,17,0.723849174617662,0.923454324360624,15
"641",2024-07-15,2024,7,"dr",2.83919131265316,1,3.8449547331535,1.55051482610912,20,-1.00576342050034,-0.648664174998069,15
"642",2024-07-15,2024,7,"fwc",0,1,0.115857965944404,0.157306590344956,20,-0.115857965944404,-0.736510566342707,15
"643",2024-07-15,2024,7,"rho21_dep",2,1,2.99166666666667,1.71719460456336,20,-0.991666666666667,-0.577492302870834,15
"644",2024-07-15,2024,7,"sal",30.4627410052008,1,29.3647149066379,1.25445301993989,20,1.09802609856289,0.875302686596831,15
"645",2024-07-15,2024,7,"temp",11.1393874583144,1,11.5627512128048,1.29475016412177,20,-0.423363754490326,-0.326984901197132,15
"646",2024-09-15,2024,9,"dr",0.575484394325031,1,3.09101105688436,1.5715415744816,19,-2.51552666255933,-1.60067458819161,15
"647",2024-09-15,2024,9,"fwc",0,1,0.0996038296395419,0.186888933939578,19,-0.0996038296395419,-0.532957342844838,15
"648",2024-09-15,2024,9,"rho21_dep",2,1,2.47368421052632,1.71167302993402,19,-0.473684210526316,-0.276737555737836,15
"649",2024-09-15,2024,9,"sal",31.680067391988,1,29.5593463706774,1.19050739979763,19,2.12072102131059,1.78135895809727,15
"650",2024-09-15,2024,9,"temp",10.0577282814179,1,11.7985788221923,0.933667207339164,19,-1.74085054077444,-1.86453002428526,15
"651",2024-11-15,2024,11,"dr",1.56908658071279,1,1.38963981921256,0.844027922823392,15,0.17944676150023,0.212607612435328,15
"652",2024-11-15,2024,11,"fwc",0.00874567351300798,1,0.0484233451496533,0.0790783227862763,15,-0.0396776716366453,-0.501751557678853,15
"653",2024-11-15,2024,11,"rho21_dep",1,1,1.3,0.797316929278619,15,-0.3,-0.376261921682045,15
"654",2024-11-15,2024,11,"sal",29.6837047401384,1,29.769099103187,0.970215510039242,15,-0.0853943630485645,-0.0880158708709064,15
"655",2024-11-15,2024,11,"temp",9.35033835081497,1,8.85875356772136,0.634126936428886,15,0.491584783093614,0.775215110498217,15
"656",2025-01-15,2025,1,"dr",0.403941556760515,1,0.795675678321932,0.682124495145449,15,-0.391734121561418,-0.574285375102808,15
"657",2025-01-15,2025,1,"fwc",0,1,0.0143042382588775,0.0380252713634106,15,-0.0143042382588775,-0.37617715129948,15
"658",2025-01-15,2025,1,"rho21_dep",1,1,1,0,15,0,NA,15
"659",2025-01-15,2025,1,"sal",30.5703012428869,1,30.3035930400243,0.8000235255704,15,0.266708202862624,0.333375450018756,15
"660",2025-01-15,2025,1,"temp",8.05020607037411,1,7.27368609569284,0.599129282080095,15,0.776519974681262,1.29608082580322,15
