"","date","year","pres","flu_cast_cor","qc"
"1",2024-01-12,2024,1,0.5,0.5
"2",2024-01-12,2024,2,0.22,0.22
"3",2024-01-12,2024,3,0.16,0.16
"4",2024-01-12,2024,4,0.16,0.16
"5",2024-01-12,2024,5,0.17,0.17
"6",2024-01-12,2024,6,0.18,0.18
"7",2024-01-12,2024,7,0.18,0.18
"8",2024-01-12,2024,8,0.18,0.18
"9",2024-01-12,2024,9,0.2,0.2
"10",2024-01-12,2024,10,0.18,0.18
"11",2024-01-12,2024,11,0.17,0.17
"12",2024-01-12,2024,12,0.18,0.18
"13",2024-01-12,2024,13,0.18,0.18
"14",2024-01-12,2024,14,0.17,0.17
"15",2024-01-12,2024,15,0.17,0.17
"16",2024-01-12,2024,16,0.17,0.17
"17",2024-01-12,2024,17,0.17,0.17
"18",2024-01-12,2024,18,0.17,0.17
"19",2024-01-12,2024,19,0.2,0.2
"20",2024-01-12,2024,20,0.17,0.17
"21",2024-01-12,2024,21,0.17,0.17
"22",2024-01-12,2024,22,0.16,0.16
"23",2024-01-12,2024,23,0.17,0.17
"24",2024-01-12,2024,24,0.17,0.17
"25",2024-01-12,2024,25,0.17,0.17
"26",2024-01-12,2024,26,0.16,0.16
"27",2024-01-12,2024,27,0.16,0.16
"28",2024-01-12,2024,28,0.18,0.18
"29",2024-01-12,2024,29,0.17,0.17
"30",2024-01-12,2024,30,0.18,0.18
"31",2024-01-12,2024,31,0.18,0.18
"32",2024-01-12,2024,32,0.17,0.17
"33",2024-01-12,2024,33,0.17,0.17
"34",2024-01-12,2024,34,0.17,0.17
"35",2024-01-12,2024,35,0.18,0.18
"36",2024-01-12,2024,36,0.17,0.17
"37",2024-01-12,2024,37,0.16,0.16
"38",2024-01-12,2024,38,0.17,0.17
"39",2024-01-12,2024,39,0.18,0.18
"40",2024-01-12,2024,40,0.17,0.17
"41",2024-01-12,2024,41,0.17,0.17
"42",2024-01-12,2024,42,0.17,0.17
"43",2024-01-12,2024,43,0.17,0.17
"44",2024-01-12,2024,44,0.17,0.17
"45",2024-01-12,2024,45,0.17,0.17
"46",2024-01-12,2024,46,0.17,0.17
"47",2024-01-12,2024,47,0.17,0.17
"48",2024-01-12,2024,48,0.18,0.18
"49",2024-01-12,2024,49,0.16,0.16
"50",2024-01-12,2024,50,0.17,0.17
"51",2024-01-12,2024,51,0.16,0.16
"52",2024-01-12,2024,52,0.17,0.17
"53",2024-01-12,2024,53,0.16,0.16
"54",2024-01-12,2024,54,0.16,0.16
"55",2024-01-12,2024,55,0.17,0.17
"56",2024-01-12,2024,56,0.16,0.16
"57",2024-01-12,2024,57,0.15,0.15
"58",2024-01-12,2024,58,0.11,0.11
"59",2024-01-12,2024,59,0.11,0.11
"60",2024-01-12,2024,60,0.11,0.11
"61",2024-01-12,2024,61,0.11,0.11
"62",2024-01-12,2024,62,0.1,0.1
"63",2024-01-12,2024,63,0.09,0.09
"64",2024-01-12,2024,64,0.09,0.09
"65",2024-01-12,2024,65,0.09,0.09
"66",2024-01-12,2024,66,0.07,0.07
"67",2024-01-12,2024,67,0.06,0.06
"68",2024-01-12,2024,68,0.05,0.05
"69",2024-01-12,2024,69,0.05,0.05
"70",2024-01-12,2024,70,0.06,0.06
"71",2024-01-12,2024,71,0.06,0.06
"72",2024-01-12,2024,72,0.06,0.06
"73",2024-01-12,2024,73,0.05,0.05
"74",2024-01-12,2024,74,0.05,0.05
"75",2024-01-12,2024,75,0.05,0.05
"76",2024-01-12,2024,76,0.05,0.05
"77",2024-01-12,2024,77,0.06,0.06
"78",2024-01-12,2024,78,0.05,0.05
"79",2024-01-12,2024,79,0.04,0.04
"80",2024-01-12,2024,80,0.04,0.04
"81",2024-01-12,2024,81,0.04,0.04
"82",2024-01-12,2024,82,0.04,0.04
"83",2024-01-12,2024,83,0.04,0.04
"84",2024-01-12,2024,84,0.03,0.03
"85",2024-01-12,2024,85,0.03,0.03
"86",2024-01-12,2024,86,0.04,0.04
"87",2024-01-12,2024,87,0.03,0.03
"88",2024-01-12,2024,88,0.03,0.03
"89",2024-01-12,2024,89,0.03,0.03
"90",2024-01-12,2024,90,0.03,0.03
"91",2024-01-12,2024,91,0.03,0.03
"92",2024-01-12,2024,92,0.02,0.02
"93",2024-01-12,2024,93,0.02,0.02
"94",2024-01-12,2024,94,0.02,0.02
"95",2024-01-12,2024,95,0.02,0.02
"96",2024-01-12,2024,96,0.03,0.03
"97",2024-01-12,2024,97,0.03,0.03
"98",2024-01-12,2024,98,0.03,0.03
"99",2024-01-12,2024,99,0.03,0.03
"100",2024-01-12,2024,100,0.04,0.04
"101",2024-01-12,2024,101,0.04,0.04
"102",2024-01-12,2024,102,0.04,0.04
"103",2024-01-12,2024,103,0.03,0.03
"104",2024-01-12,2024,104,0.04,0.04
"105",2024-01-12,2024,105,0.03,0.03
"106",2024-01-12,2024,106,0.03,0.03
"107",2024-01-12,2024,107,0.03,0.03
"108",2024-01-12,2024,108,0.03,0.03
"109",2024-01-12,2024,109,0.03,0.03
"110",2024-01-12,2024,110,0.04,0.04
"111",2024-01-12,2024,111,0.03,0.03
"112",2024-01-12,2024,112,0.03,0.03
"113",2024-01-12,2024,113,0.03,0.03
"114",2024-01-12,2024,114,0.03,0.03
"115",2024-01-12,2024,115,0.03,0.03
"116",2024-01-12,2024,116,0.03,0.03
"117",2024-01-12,2024,117,0.03,0.03
"118",2024-01-12,2024,118,0.02,0.02
"119",2024-01-12,2024,119,0.03,0.03
"120",2024-01-12,2024,120,0.03,0.03
"121",2024-01-12,2024,121,0.03,0.03
"122",2024-01-12,2024,122,0.02,0.02
"123",2024-01-12,2024,123,0.02,0.02
"124",2024-01-12,2024,124,0.02,0.02
"125",2024-01-12,2024,125,0.02,0.02
"126",2024-01-12,2024,126,0.02,0.02
"127",2024-01-12,2024,127,0.02,0.02
"128",2024-01-12,2024,128,0.01,0.01
"129",2024-01-12,2024,129,0.01,0.01
"130",2024-01-12,2024,130,0.01,0.01
"131",2024-01-12,2024,131,0.01,0.01
"132",2024-01-12,2024,132,0.02,0.02
"133",2024-01-12,2024,133,0.02,0.02
"134",2024-01-12,2024,134,0.02,0.02
"135",2024-01-12,2024,135,0.02,0.02
"136",2024-01-12,2024,136,0.01,0.01
"137",2024-01-12,2024,137,0.02,0.02
"138",2024-01-12,2024,138,0.01,0.01
"139",2024-01-12,2024,139,0.01,0.01
"140",2024-01-12,2024,140,0.01,0.01
"141",2024-01-12,2024,141,0.01,0.01
"142",2024-01-12,2024,142,0.01,0.01
"143",2024-01-12,2024,143,0.01,0.01
"144",2024-01-12,2024,144,0.01,0.01
"145",2024-01-12,2024,145,0.01,0.01
"146",2024-01-12,2024,146,0.01,0.01
"147",2024-01-12,2024,147,0.01,0.01
"148",2024-01-12,2024,148,0.01,0.01
"149",2024-01-12,2024,149,0.01,0.01
"150",2024-01-12,2024,150,0.01,0.01
"151",2024-01-12,2024,151,0.01,0.01
"152",2024-01-12,2024,152,0.01,0.01
"153",2024-01-12,2024,153,0,0
"154",2024-01-12,2024,154,0.01,0.01
"155",2024-01-12,2024,155,0.01,0.01
"156",2024-01-12,2024,156,0.01,0.01
"157",2024-01-12,2024,157,0.01,0.01
"158",2024-01-12,2024,158,0.01,0.01
"159",2024-01-12,2024,159,0,0
"160",2024-01-12,2024,160,0.01,0.01
"161",2024-01-12,2024,161,0.01,0.01
"162",2024-01-12,2024,162,0.01,0.01
"163",2024-01-12,2024,163,0.01,0.01
"164",2024-01-12,2024,164,0.01,0.01
"165",2024-01-12,2024,165,0.01,0.01
"166",2024-01-12,2024,166,0.01,0.01
"167",2024-01-12,2024,167,0.01,0.01
"168",2024-01-12,2024,168,0,0
"169",2024-01-12,2024,169,0.02,0.02
"170",2024-01-12,2024,170,0.01,0.01
"171",2024-01-12,2024,171,0,0
"172",2024-01-12,2024,172,0.01,0.01
"173",2024-01-12,2024,173,0,0
"174",2024-01-12,2024,174,0,0
"175",2024-01-12,2024,175,0.01,0.01
"176",2024-01-12,2024,176,0.01,0.01
"177",2024-01-12,2024,177,0,0
"178",2024-01-12,2024,178,0.01,0.01
"179",2024-01-12,2024,179,0.01,0.01
"180",2024-01-12,2024,180,0,0
"181",2024-01-12,2024,181,0.01,0.01
"182",2024-01-12,2024,182,0,0
"183",2024-01-12,2024,183,0,0
"184",2024-01-12,2024,184,0,0
"185",2024-01-12,2024,185,0,0
"186",2024-01-12,2024,186,0.01,0.01
"187",2024-01-12,2024,187,0,0
"188",2024-01-12,2024,188,0,0
"189",2024-01-12,2024,189,0,0
"190",2024-01-12,2024,190,0,0
"191",2024-01-12,2024,191,0.01,0.01
"192",2024-01-12,2024,192,0,0
"193",2024-01-12,2024,193,0,0
"194",2024-01-12,2024,194,0,0
"195",2024-01-12,2024,195,0,0
"196",2024-01-12,2024,196,0,0
"197",2024-01-12,2024,197,0,0
"198",2024-01-12,2024,198,0,0
"199",2024-01-12,2024,199,0,0
"200",2024-01-12,2024,200,0,0
"201",2024-01-12,2024,201,0.01,0.01
"202",2024-01-12,2024,202,0,0
"203",2024-01-12,2024,203,0,0
"204",2024-01-12,2024,204,0,0
"205",2024-01-12,2024,205,0,0
"206",2024-01-12,2024,206,0,0
"207",2024-01-12,2024,207,0,0
"208",2024-01-12,2024,208,0,0
"209",2024-01-12,2024,209,0,0
"210",2024-01-12,2024,210,0,0
"211",2024-01-12,2024,211,0,0
"212",2024-01-12,2024,212,0,0
"213",2024-01-12,2024,213,0.01,0.01
"214",2024-01-12,2024,214,0,0
"215",2024-01-12,2024,215,0,0
"216",2024-01-12,2024,216,0,0
"217",2024-01-12,2024,217,0,0
"218",2024-01-12,2024,218,0,0
"219",2024-01-12,2024,219,0,0
"220",2024-01-12,2024,220,0,0
"221",2024-01-12,2024,221,0,0
"222",2024-01-12,2024,222,0,0
"223",2024-01-12,2024,223,0,0
"224",2024-01-12,2024,224,0,0
"225",2024-01-12,2024,225,0,0
"226",2024-01-12,2024,226,0,0
"227",2024-01-12,2024,227,0,0
"228",2024-01-12,2024,228,0,0
"229",2024-01-12,2024,229,0,0
"230",2024-01-12,2024,230,0,0
"231",2024-01-12,2024,231,0,0
"232",2024-01-12,2024,232,0,0
"233",2024-01-12,2024,233,0.01,0.01
"234",2024-01-12,2024,234,0,0
"235",2024-01-12,2024,235,0,0
"236",2024-01-12,2024,236,0,0
"237",2024-01-12,2024,237,0,0
"238",2024-01-12,2024,238,0,0
"239",2024-01-12,2024,239,0,0
"240",2024-01-12,2024,240,0,0
"241",2024-01-12,2024,241,0,0
"242",2024-01-12,2024,242,0,0
"243",2024-01-12,2024,243,0,0
"244",2024-01-12,2024,244,0,0
"245",2024-01-12,2024,245,0,0
"246",2024-01-12,2024,246,0,0
"247",2024-01-12,2024,247,0,0
"248",2024-01-12,2024,248,0,0
"249",2024-01-12,2024,249,0,0
"250",2024-01-12,2024,250,0,0
"251",2024-01-12,2024,251,0,0
"252",2024-01-12,2024,252,0,0
"253",2024-01-12,2024,253,0,0
"254",2024-01-12,2024,254,0,0
"255",2024-01-12,2024,255,0,0
"256",2024-01-12,2024,256,0,0
"257",2024-01-12,2024,257,0.01,0.01
"258",2024-01-12,2024,258,0,0
"259",2024-01-12,2024,259,0,0
"260",2024-01-12,2024,260,0,0
"261",2024-01-12,2024,261,0,0
"262",2024-01-12,2024,262,0.01,0.01
"263",2024-01-12,2024,263,0.01,0.01
"264",2024-01-12,2024,264,0,0
"265",2024-01-12,2024,265,0,0
"266",2024-01-12,2024,266,0,0
"267",2024-01-12,2024,267,0,0
"268",2024-01-12,2024,268,0,0
"269",2024-01-12,2024,269,0,0
"270",2024-01-12,2024,270,0,0
"271",2024-01-12,2024,271,0,0
"272",2024-01-12,2024,272,0,0
"273",2024-01-12,2024,273,0,0
"274",2024-01-12,2024,274,0,0
"275",2024-01-12,2024,275,0,0
"276",2024-01-12,2024,276,0,0
"277",2024-01-12,2024,277,0,0
"278",2024-01-12,2024,278,0,0
"279",2024-01-12,2024,279,0,0
"280",2024-01-12,2024,280,0,0
"281",2024-01-12,2024,281,0,0
"282",2024-01-12,2024,282,0,0
"283",2024-01-12,2024,283,0,0
"284",2024-01-12,2024,284,0,0
"285",2024-01-12,2024,285,0,0
"286",2024-01-12,2024,286,0,0
"287",2024-01-12,2024,287,0,0
"288",2024-01-12,2024,288,0,0
"289",2024-01-12,2024,289,0,0
"290",2024-01-12,2024,290,0,0
"291",2024-01-12,2024,291,0,0
"292",2024-01-12,2024,292,0,0
"293",2024-01-12,2024,293,0,0
"294",2024-01-12,2024,294,0,0
"295",2024-01-12,2024,295,0,0
"296",2024-01-12,2024,296,0,0
"297",2024-01-12,2024,297,0,0
"298",2024-01-12,2024,298,0,0
"299",2024-01-12,2024,299,0,0
"300",2024-01-12,2024,300,0,0
"301",2024-01-12,2024,301,0,0
"302",2024-01-12,2024,302,0,0
"303",2024-01-12,2024,303,0,0
"304",2024-01-12,2024,304,0,0
"305",2024-01-12,2024,305,0,0
"306",2024-02-10,2024,1,0.44,0.44
"307",2024-02-10,2024,2,0.44,0.44
"308",2024-02-10,2024,3,0.41,0.41
"309",2024-02-10,2024,4,0.43,0.43
"310",2024-02-10,2024,5,0.43,0.43
"311",2024-02-10,2024,6,0.41,0.41
"312",2024-02-10,2024,7,0.43,0.43
"313",2024-02-10,2024,8,0.43,0.43
"314",2024-02-10,2024,9,0.4,0.4
"315",2024-02-10,2024,10,0.41,0.41
"316",2024-02-10,2024,11,0.39,0.39
"317",2024-02-10,2024,12,0.39,0.39
"318",2024-02-10,2024,13,0.39,0.39
"319",2024-02-10,2024,14,0.37,0.37
"320",2024-02-10,2024,15,0.37,0.37
"321",2024-02-10,2024,16,0.35,0.35
"322",2024-02-10,2024,17,0.32,0.32
"323",2024-02-10,2024,18,0.29,0.29
"324",2024-02-10,2024,19,0.24,0.24
"325",2024-02-10,2024,20,0.23,0.23
"326",2024-02-10,2024,21,0.21,0.21
"327",2024-02-10,2024,22,0.21,0.21
"328",2024-02-10,2024,23,0.2,0.2
"329",2024-02-10,2024,24,0.19,0.19
"330",2024-02-10,2024,25,0.19,0.19
"331",2024-02-10,2024,26,0.19,0.19
"332",2024-02-10,2024,27,0.19,0.19
"333",2024-02-10,2024,28,0.18,0.18
"334",2024-02-10,2024,29,0.18,0.18
"335",2024-02-10,2024,30,0.17,0.17
"336",2024-02-10,2024,31,0.16,0.16
"337",2024-02-10,2024,32,0.17,0.17
"338",2024-02-10,2024,33,0.16,0.16
"339",2024-02-10,2024,34,0.16,0.16
"340",2024-02-10,2024,35,0.15,0.15
"341",2024-02-10,2024,36,0.16,0.16
"342",2024-02-10,2024,37,0.16,0.16
"343",2024-02-10,2024,38,0.15,0.15
"344",2024-02-10,2024,39,0.15,0.15
"345",2024-02-10,2024,40,0.14,0.14
"346",2024-02-10,2024,41,0.15,0.15
"347",2024-02-10,2024,42,0.12,0.12
"348",2024-02-10,2024,43,0.11,0.11
"349",2024-02-10,2024,44,0.1,0.1
"350",2024-02-10,2024,45,0.1,0.1
"351",2024-02-10,2024,46,0.09,0.09
"352",2024-02-10,2024,47,0.1,0.1
"353",2024-02-10,2024,48,0.09,0.09
"354",2024-02-10,2024,49,0.09,0.09
"355",2024-02-10,2024,50,0.1,0.1
"356",2024-02-10,2024,51,0.09,0.09
"357",2024-02-10,2024,52,0.09,0.09
"358",2024-02-10,2024,53,0.08,0.08
"359",2024-02-10,2024,54,0.09,0.09
"360",2024-02-10,2024,55,0.09,0.09
"361",2024-02-10,2024,56,0.08,0.08
"362",2024-02-10,2024,57,0.09,0.09
"363",2024-02-10,2024,58,0.08,0.08
"364",2024-02-10,2024,59,0.08,0.08
"365",2024-02-10,2024,60,0.09,0.09
"366",2024-02-10,2024,61,0.08,0.08
"367",2024-02-10,2024,62,0.09,0.09
"368",2024-02-10,2024,63,0.09,0.09
"369",2024-02-10,2024,64,0.08,0.08
"370",2024-02-10,2024,65,0.09,0.09
"371",2024-02-10,2024,66,0.09,0.09
"372",2024-02-10,2024,67,0.09,0.09
"373",2024-02-10,2024,68,0.09,0.09
"374",2024-02-10,2024,69,0.07,0.07
"375",2024-02-10,2024,70,0.08,0.08
"376",2024-02-10,2024,71,0.08,0.08
"377",2024-02-10,2024,72,0.08,0.08
"378",2024-02-10,2024,73,0.07,0.07
"379",2024-02-10,2024,74,0.07,0.07
"380",2024-02-10,2024,75,0.07,0.07
"381",2024-02-10,2024,76,0.07,0.07
"382",2024-02-10,2024,77,0.08,0.08
"383",2024-02-10,2024,78,0.07,0.07
"384",2024-02-10,2024,79,0.07,0.07
"385",2024-02-10,2024,80,0.05,0.05
"386",2024-02-10,2024,81,0.05,0.05
"387",2024-02-10,2024,82,0.04,0.04
"388",2024-02-10,2024,83,0.04,0.04
"389",2024-02-10,2024,84,0.04,0.04
"390",2024-02-10,2024,85,0.04,0.04
"391",2024-02-10,2024,86,0.04,0.04
"392",2024-02-10,2024,87,0.04,0.04
"393",2024-02-10,2024,88,0.03,0.03
"394",2024-02-10,2024,89,0.03,0.03
"395",2024-02-10,2024,90,0.03,0.03
"396",2024-02-10,2024,91,0.03,0.03
"397",2024-02-10,2024,92,0.03,0.03
"398",2024-02-10,2024,93,0.03,0.03
"399",2024-02-10,2024,94,0.03,0.03
"400",2024-02-10,2024,95,0.03,0.03
"401",2024-02-10,2024,96,0.02,0.02
"402",2024-02-10,2024,97,0.02,0.02
"403",2024-02-10,2024,98,0.03,0.03
"404",2024-02-10,2024,99,0.02,0.02
"405",2024-02-10,2024,100,0.02,0.02
"406",2024-02-10,2024,101,0.02,0.02
"407",2024-02-10,2024,102,0.02,0.02
"408",2024-02-10,2024,103,0.02,0.02
"409",2024-02-10,2024,104,0.01,0.01
"410",2024-02-10,2024,105,0.02,0.02
"411",2024-02-10,2024,106,0.02,0.02
"412",2024-02-10,2024,107,0.01,0.01
"413",2024-02-10,2024,108,0.01,0.01
"414",2024-02-10,2024,109,0.01,0.01
"415",2024-02-10,2024,110,0.01,0.01
"416",2024-02-10,2024,111,0.01,0.01
"417",2024-02-10,2024,112,0.01,0.01
"418",2024-02-10,2024,113,0.01,0.01
"419",2024-02-10,2024,114,0.01,0.01
"420",2024-02-10,2024,115,0.01,0.01
"421",2024-02-10,2024,116,0.01,0.01
"422",2024-02-10,2024,117,0.01,0.01
"423",2024-02-10,2024,118,0.01,0.01
"424",2024-02-10,2024,119,0.01,0.01
"425",2024-02-10,2024,120,0.01,0.01
"426",2024-02-10,2024,121,0.01,0.01
"427",2024-02-10,2024,122,0.01,0.01
"428",2024-02-10,2024,123,0.01,0.01
"429",2024-02-10,2024,124,0.01,0.01
"430",2024-02-10,2024,125,0.01,0.01
"431",2024-02-10,2024,126,0.01,0.01
"432",2024-02-10,2024,127,0,0
"433",2024-02-10,2024,128,0,0
"434",2024-02-10,2024,129,0,0
"435",2024-02-10,2024,130,0,0
"436",2024-02-10,2024,131,0.01,0.01
"437",2024-02-10,2024,132,0,0
"438",2024-02-10,2024,133,0,0
"439",2024-02-10,2024,134,0,0
"440",2024-02-10,2024,135,0,0
"441",2024-02-10,2024,136,0,0
"442",2024-02-10,2024,137,0,0
"443",2024-02-10,2024,138,0,0
"444",2024-02-10,2024,139,0,0
"445",2024-02-10,2024,140,0,0
"446",2024-02-10,2024,141,0.01,0.01
"447",2024-02-10,2024,142,0,0
"448",2024-02-10,2024,143,0,0
"449",2024-02-10,2024,144,0,0
"450",2024-02-10,2024,145,0,0
"451",2024-02-10,2024,146,0,0
"452",2024-02-10,2024,147,0,0
"453",2024-02-10,2024,148,0,0
"454",2024-02-10,2024,149,0,0
"455",2024-02-10,2024,150,0,0
"456",2024-02-10,2024,151,0,0
"457",2024-02-10,2024,152,0,0
"458",2024-02-10,2024,153,0,0
"459",2024-02-10,2024,154,0,0
"460",2024-02-10,2024,155,0,0
"461",2024-02-10,2024,156,0,0
"462",2024-02-10,2024,157,0,0
"463",2024-02-10,2024,158,0,0
"464",2024-02-10,2024,159,0,0
"465",2024-02-10,2024,160,0,0
"466",2024-02-10,2024,161,0,0
"467",2024-02-10,2024,162,0,0
"468",2024-02-10,2024,163,0,0
"469",2024-02-10,2024,164,0,0
"470",2024-02-10,2024,165,0,0
"471",2024-02-10,2024,166,0,0
"472",2024-02-10,2024,167,0,0
"473",2024-02-10,2024,168,0,0
"474",2024-02-10,2024,169,0,0
"475",2024-02-10,2024,170,0,0
"476",2024-02-10,2024,171,0,0
"477",2024-02-10,2024,172,0,0
"478",2024-02-10,2024,173,0,0
"479",2024-02-10,2024,174,0,0
"480",2024-02-10,2024,175,0,0
"481",2024-02-10,2024,176,0,0
"482",2024-02-10,2024,177,0,0
"483",2024-02-10,2024,178,0,0
"484",2024-02-10,2024,179,0,0
"485",2024-02-10,2024,180,0,0
"486",2024-02-10,2024,181,0,0
"487",2024-02-10,2024,182,0,0
"488",2024-02-10,2024,183,0,0
"489",2024-02-10,2024,184,0,0
"490",2024-02-10,2024,185,0,0
"491",2024-02-10,2024,186,0,0
"492",2024-02-10,2024,187,0,0
"493",2024-02-10,2024,188,0,0
"494",2024-02-10,2024,189,0,0
"495",2024-02-10,2024,190,0,0
"496",2024-02-10,2024,191,0,0
"497",2024-02-10,2024,192,0,0
"498",2024-02-10,2024,193,0,0
"499",2024-02-10,2024,194,0,0
"500",2024-02-10,2024,195,0,0
"501",2024-02-10,2024,196,0,0
"502",2024-02-10,2024,197,0,0
"503",2024-02-10,2024,198,0,0
"504",2024-02-10,2024,199,0,0
"505",2024-02-10,2024,200,0,0
"506",2024-02-10,2024,201,0,0
"507",2024-02-10,2024,202,0,0
"508",2024-02-10,2024,203,0,0
"509",2024-02-10,2024,204,0,0
"510",2024-02-10,2024,205,0,0
"511",2024-02-10,2024,206,0,0
"512",2024-02-10,2024,207,0,0
"513",2024-02-10,2024,208,0,0
"514",2024-02-10,2024,209,0,0
"515",2024-02-10,2024,210,0,0
"516",2024-02-10,2024,211,0,0
"517",2024-02-10,2024,212,0,0
"518",2024-02-10,2024,213,0,0
"519",2024-02-10,2024,214,0,0
"520",2024-02-10,2024,215,0,0
"521",2024-02-10,2024,216,0,0
"522",2024-02-10,2024,217,0,0
"523",2024-02-10,2024,218,0,0
"524",2024-02-10,2024,219,0,0
"525",2024-02-10,2024,220,0,0
"526",2024-02-10,2024,221,0,0
"527",2024-02-10,2024,222,0,0
"528",2024-02-10,2024,223,0,0
"529",2024-02-10,2024,224,0,0
"530",2024-02-10,2024,225,0,0
"531",2024-02-10,2024,226,0,0
"532",2024-02-10,2024,227,0,0
"533",2024-02-10,2024,228,0,0
"534",2024-02-10,2024,229,0,0
"535",2024-02-10,2024,230,0,0
"536",2024-02-10,2024,231,0,0
"537",2024-02-10,2024,232,0,0
"538",2024-02-10,2024,233,0,0
"539",2024-02-10,2024,234,0,0
"540",2024-02-10,2024,235,0,0
"541",2024-02-10,2024,236,0,0
"542",2024-02-10,2024,237,0,0
"543",2024-02-10,2024,238,0,0
"544",2024-02-10,2024,239,0,0
"545",2024-02-10,2024,240,0,0
"546",2024-02-10,2024,241,0,0
"547",2024-02-10,2024,242,0,0
"548",2024-02-10,2024,243,0,0
"549",2024-02-10,2024,244,0,0
"550",2024-02-10,2024,245,0,0
"551",2024-02-10,2024,246,0,0
"552",2024-02-10,2024,247,0,0
"553",2024-02-10,2024,248,0,0
"554",2024-02-10,2024,249,0,0
"555",2024-02-10,2024,250,0,0
"556",2024-02-10,2024,251,0,0
"557",2024-02-10,2024,252,0,0
"558",2024-02-10,2024,253,0,0
"559",2024-02-10,2024,254,0,0
"560",2024-02-10,2024,255,0,0
"561",2024-02-10,2024,256,0,0
"562",2024-02-10,2024,257,0,0
"563",2024-02-10,2024,258,0,0
"564",2024-02-10,2024,259,0,0
"565",2024-02-10,2024,260,0,0
"566",2024-02-10,2024,261,0,0
"567",2024-02-10,2024,262,0,0
"568",2024-02-10,2024,263,0,0
"569",2024-02-10,2024,264,0,0
"570",2024-02-10,2024,265,0,0
"571",2024-02-10,2024,266,0,0
"572",2024-02-10,2024,267,0,0
"573",2024-02-10,2024,268,0,0
"574",2024-02-10,2024,269,0,0
"575",2024-02-10,2024,270,0,0
"576",2024-02-10,2024,271,0,0
"577",2024-02-10,2024,272,0,0
"578",2024-02-10,2024,273,0,0
"579",2024-02-10,2024,274,0,0
"580",2024-02-10,2024,275,0,0
"581",2024-02-10,2024,276,0,0
"582",2024-02-10,2024,277,0,0
"583",2024-02-10,2024,278,0,0
"584",2024-02-10,2024,279,0,0
"585",2024-02-10,2024,280,0,0
"586",2024-02-10,2024,281,0,0
"587",2024-02-10,2024,282,0,0
"588",2024-02-10,2024,283,0,0
"589",2024-02-10,2024,284,0,0
"590",2024-02-10,2024,285,0,0
"591",2024-02-10,2024,286,0,0
"592",2024-02-10,2024,287,0,0
"593",2024-02-10,2024,288,0,0
"594",2024-02-10,2024,289,0,0
"595",2024-02-10,2024,290,0,0
"596",2024-02-10,2024,291,0,0
"597",2024-02-10,2024,292,0,0
"598",2024-02-10,2024,293,0,0
"599",2024-02-10,2024,294,0,0
"600",2024-02-10,2024,295,0,0
"601",2024-02-10,2024,296,0,0
"602",2024-02-10,2024,297,0,0
"603",2024-02-10,2024,298,0,0
"604",2024-02-10,2024,299,0,0
"605",2024-02-10,2024,300,0,0
"606",2024-02-10,2024,301,0,0
"607",2024-02-10,2024,302,0,0
"608",2024-02-10,2024,303,0,0
"609",2024-02-10,2024,304,0,0
"610",2024-02-10,2024,305,0,0
"611",2024-02-10,2024,306,0,0
"612",2024-02-10,2024,307,0,0
"613",2024-02-10,2024,308,0,0
"614",2024-02-10,2024,309,0,0
"615",2024-02-10,2024,310,0,0
"616",2024-02-10,2024,311,0,0
"617",2024-02-10,2024,312,0,0
"618",2024-02-10,2024,313,0,0
"619",2024-02-10,2024,314,0,0
"620",2024-02-10,2024,315,0,0
"621",2024-02-10,2024,316,0,0
"622",2024-02-10,2024,317,0,0
"623",2024-02-10,2024,318,0,0
"624",2024-02-10,2024,319,0,0
"625",2024-02-10,2024,320,0,0
"626",2024-02-10,2024,321,0,0
"627",2024-02-10,2024,322,0,0
"628",2024-02-10,2024,323,0,0
"629",2024-02-10,2024,324,0,0
"630",2024-02-10,2024,325,0,0
"631",2024-02-10,2024,326,0,0
"632",2024-02-10,2024,327,0,0
"633",2024-02-10,2024,328,0,0
"634",2024-02-10,2024,329,0,0
"635",2024-02-10,2024,330,0,0
"636",2024-02-10,2024,331,0,0
"637",2024-02-10,2024,332,0,0
"638",2024-02-10,2024,333,0,0
"639",2024-02-10,2024,334,0,0
"640",2024-02-10,2024,335,0,0
"641",2024-02-10,2024,336,0,0
"642",2024-02-10,2024,337,0,0
"643",2024-02-10,2024,338,0,0
"644",2024-02-10,2024,339,0,0
"645",2024-02-10,2024,340,0,0
"646",2024-02-10,2024,341,0,0
"647",2024-02-10,2024,342,0,0
"648",2024-02-10,2024,343,0,0
"649",2024-02-10,2024,344,0,0
"650",2024-02-10,2024,345,0,0
"651",2024-02-10,2024,346,0.01,0.01
"652",2024-02-10,2024,347,0,0
"653",2024-02-10,2024,348,0,0
"654",2024-02-10,2024,349,0,0
"655",2024-02-10,2024,350,0,0
"656",2024-02-10,2024,351,0,0
"657",2024-02-10,2024,352,0,0
"658",2024-02-10,2024,353,0,0
"659",2024-02-10,2024,354,0,0
"660",2024-02-10,2024,355,0,0
"661",2024-02-10,2024,356,0,0
"662",2024-02-10,2024,357,0,0
"663",2024-02-10,2024,358,0,0
"664",2024-02-10,2024,359,0,0
"665",2024-02-10,2024,360,0,0
"666",2024-02-10,2024,361,0,0
"667",2024-02-10,2024,362,0,0
"668",2024-02-10,2024,363,0,0
"669",2024-02-10,2024,364,0,0
"670",2024-02-10,2024,365,0,0
"671",2024-02-10,2024,366,0,0
"672",2024-02-10,2024,367,0,0
"673",2024-02-10,2024,368,0.01,0.01
"674",2024-02-10,2024,369,0,0
"675",2024-03-07,2024,1,0.43,0.43
"676",2024-03-07,2024,2,0.55,0.55
"677",2024-03-07,2024,3,0.65,0.65
"678",2024-03-07,2024,4,0.69,0.69
"679",2024-03-07,2024,5,0.74,0.74
"680",2024-03-07,2024,6,0.76,0.76
"681",2024-03-07,2024,7,0.75,0.75
"682",2024-03-07,2024,8,0.71,0.71
"683",2024-03-07,2024,9,0.57,0.57
"684",2024-03-07,2024,10,0.45,0.45
"685",2024-03-07,2024,11,0.41,0.41
"686",2024-03-07,2024,12,0.39,0.39
"687",2024-03-07,2024,13,0.42,0.42
"688",2024-03-07,2024,14,0.41,0.41
"689",2024-03-07,2024,15,0.43,0.43
"690",2024-03-07,2024,16,0.4,0.4
"691",2024-03-07,2024,17,0.41,0.41
"692",2024-03-07,2024,18,0.41,0.41
"693",2024-03-07,2024,19,0.4,0.4
"694",2024-03-07,2024,20,0.44,0.44
"695",2024-03-07,2024,21,0.44,0.44
"696",2024-03-07,2024,22,0.39,0.39
"697",2024-03-07,2024,23,0.39,0.39
"698",2024-03-07,2024,24,0.36,0.36
"699",2024-03-07,2024,25,0.36,0.36
"700",2024-03-07,2024,26,0.36,0.36
"701",2024-03-07,2024,27,0.37,0.37
"702",2024-03-07,2024,28,0.34,0.34
"703",2024-03-07,2024,29,0.27,0.27
"704",2024-03-07,2024,30,0.24,0.24
"705",2024-03-07,2024,31,0.22,0.22
"706",2024-03-07,2024,32,0.22,0.22
"707",2024-03-07,2024,33,0.23,0.23
"708",2024-03-07,2024,34,0.23,0.23
"709",2024-03-07,2024,35,0.24,0.24
"710",2024-03-07,2024,36,0.23,0.23
"711",2024-03-07,2024,37,0.23,0.23
"712",2024-03-07,2024,38,0.24,0.24
"713",2024-03-07,2024,39,0.24,0.24
"714",2024-03-07,2024,40,0.23,0.23
"715",2024-03-07,2024,41,0.23,0.23
"716",2024-03-07,2024,42,0.23,0.23
"717",2024-03-07,2024,43,0.26,0.26
"718",2024-03-07,2024,44,0.24,0.24
"719",2024-03-07,2024,45,0.23,0.23
"720",2024-03-07,2024,46,0.22,0.22
"721",2024-03-07,2024,47,0.21,0.21
"722",2024-03-07,2024,48,0.2,0.2
"723",2024-03-07,2024,49,0.18,0.18
"724",2024-03-07,2024,50,0.18,0.18
"725",2024-03-07,2024,51,0.17,0.17
"726",2024-03-07,2024,52,0.17,0.17
"727",2024-03-07,2024,53,0.17,0.17
"728",2024-03-07,2024,54,0.15,0.15
"729",2024-03-07,2024,55,0.15,0.15
"730",2024-03-07,2024,56,0.14,0.14
"731",2024-03-07,2024,57,0.15,0.15
"732",2024-03-07,2024,58,0.15,0.15
"733",2024-03-07,2024,59,0.16,0.16
"734",2024-03-07,2024,60,0.19,0.19
"735",2024-03-07,2024,61,0.16,0.16
"736",2024-03-07,2024,62,0.16,0.16
"737",2024-03-07,2024,63,0.15,0.15
"738",2024-03-07,2024,64,0.15,0.15
"739",2024-03-07,2024,65,0.14,0.14
"740",2024-03-07,2024,66,0.15,0.15
"741",2024-03-07,2024,67,0.14,0.14
"742",2024-03-07,2024,68,0.15,0.15
"743",2024-03-07,2024,69,0.14,0.14
"744",2024-03-07,2024,70,0.13,0.13
"745",2024-03-07,2024,71,0.13,0.13
"746",2024-03-07,2024,72,0.14,0.14
"747",2024-03-07,2024,73,0.12,0.12
"748",2024-03-07,2024,74,0.1,0.1
"749",2024-03-07,2024,75,0.1,0.1
"750",2024-03-07,2024,76,0.09,0.09
"751",2024-03-07,2024,77,0.09,0.09
"752",2024-03-07,2024,78,0.08,0.08
"753",2024-03-07,2024,79,0.09,0.09
"754",2024-03-07,2024,80,0.09,0.09
"755",2024-03-07,2024,81,0.08,0.08
"756",2024-03-07,2024,82,0.08,0.08
"757",2024-03-07,2024,83,0.08,0.08
"758",2024-03-07,2024,84,0.08,0.08
"759",2024-03-07,2024,85,0.07,0.07
"760",2024-03-07,2024,86,0.08,0.08
"761",2024-03-07,2024,87,0.08,0.08
"762",2024-03-07,2024,88,0.07,0.07
"763",2024-03-07,2024,89,0.07,0.07
"764",2024-03-07,2024,90,0.07,0.07
"765",2024-03-07,2024,91,0.06,0.06
"766",2024-03-07,2024,92,0.07,0.07
"767",2024-03-07,2024,93,0.07,0.07
"768",2024-03-07,2024,94,0.06,0.06
"769",2024-03-07,2024,95,0.06,0.06
"770",2024-03-07,2024,96,0.08,0.08
"771",2024-03-07,2024,97,0.07,0.07
"772",2024-03-07,2024,98,0.06,0.06
"773",2024-03-07,2024,99,0.05,0.05
"774",2024-03-07,2024,100,0.05,0.05
"775",2024-03-07,2024,101,0.05,0.05
"776",2024-03-07,2024,102,0.04,0.04
"777",2024-03-07,2024,103,0.04,0.04
"778",2024-03-07,2024,104,0.05,0.05
"779",2024-03-07,2024,105,0.04,0.04
"780",2024-03-07,2024,106,0.04,0.04
"781",2024-03-07,2024,107,0.04,0.04
"782",2024-03-07,2024,108,0.04,0.04
"783",2024-03-07,2024,109,0.04,0.04
"784",2024-03-07,2024,110,0.04,0.04
"785",2024-03-07,2024,111,0.04,0.04
"786",2024-03-07,2024,112,0.04,0.04
"787",2024-03-07,2024,113,0.04,0.04
"788",2024-03-07,2024,114,0.03,0.03
"789",2024-03-07,2024,115,0.03,0.03
"790",2024-03-07,2024,116,0.03,0.03
"791",2024-03-07,2024,117,0.03,0.03
"792",2024-03-07,2024,118,0.03,0.03
"793",2024-03-07,2024,119,0.03,0.03
"794",2024-03-07,2024,120,0.03,0.03
"795",2024-03-07,2024,121,0.03,0.03
"796",2024-03-07,2024,122,0.03,0.03
"797",2024-03-07,2024,123,0.02,0.02
"798",2024-03-07,2024,124,0.02,0.02
"799",2024-03-07,2024,125,0.02,0.02
"800",2024-03-07,2024,126,0.02,0.02
"801",2024-03-07,2024,127,0.01,0.01
"802",2024-03-07,2024,128,0.02,0.02
"803",2024-03-07,2024,129,0.02,0.02
"804",2024-03-07,2024,130,0.01,0.01
"805",2024-03-07,2024,131,0.01,0.01
"806",2024-03-07,2024,132,0.01,0.01
"807",2024-03-07,2024,133,0.02,0.02
"808",2024-03-07,2024,134,0.02,0.02
"809",2024-03-07,2024,135,0.02,0.02
"810",2024-03-07,2024,136,0.02,0.02
"811",2024-03-07,2024,137,0.02,0.02
"812",2024-03-07,2024,138,0.02,0.02
"813",2024-03-07,2024,139,0.02,0.02
"814",2024-03-07,2024,140,0.02,0.02
"815",2024-03-07,2024,141,0.02,0.02
"816",2024-03-07,2024,142,0.02,0.02
"817",2024-03-07,2024,143,0.01,0.01
"818",2024-03-07,2024,144,0.01,0.01
"819",2024-03-07,2024,145,0.01,0.01
"820",2024-03-07,2024,146,0.01,0.01
"821",2024-03-07,2024,147,0.01,0.01
"822",2024-03-07,2024,148,0.01,0.01
"823",2024-03-07,2024,149,0.01,0.01
"824",2024-03-07,2024,150,0.02,0.02
"825",2024-03-07,2024,151,0.01,0.01
"826",2024-03-07,2024,152,0.02,0.02
"827",2024-03-07,2024,153,0.01,0.01
"828",2024-03-07,2024,154,0.01,0.01
"829",2024-03-07,2024,155,0.01,0.01
"830",2024-03-07,2024,156,0.01,0.01
"831",2024-03-07,2024,157,0.01,0.01
"832",2024-03-07,2024,158,0.01,0.01
"833",2024-03-07,2024,159,0.01,0.01
"834",2024-03-07,2024,160,0.01,0.01
"835",2024-03-07,2024,161,0.01,0.01
"836",2024-03-07,2024,162,0.01,0.01
"837",2024-03-07,2024,163,0.01,0.01
"838",2024-03-07,2024,164,0.01,0.01
"839",2024-03-07,2024,165,0.01,0.01
"840",2024-03-07,2024,166,0.02,0.02
"841",2024-03-07,2024,167,0.01,0.01
"842",2024-03-07,2024,168,0.01,0.01
"843",2024-03-07,2024,169,0.01,0.01
"844",2024-03-07,2024,170,0.01,0.01
"845",2024-03-07,2024,171,0.01,0.01
"846",2024-03-07,2024,172,0.01,0.01
"847",2024-03-07,2024,173,0.01,0.01
"848",2024-03-07,2024,174,0.01,0.01
"849",2024-03-07,2024,175,0.01,0.01
"850",2024-03-07,2024,176,0.01,0.01
"851",2024-03-07,2024,177,0.01,0.01
"852",2024-03-07,2024,178,0.01,0.01
"853",2024-03-07,2024,179,0.01,0.01
"854",2024-03-07,2024,180,0,0
"855",2024-03-07,2024,181,0,0
"856",2024-03-07,2024,182,0.01,0.01
"857",2024-03-07,2024,183,0.01,0.01
"858",2024-03-07,2024,184,0.01,0.01
"859",2024-03-07,2024,185,0.01,0.01
"860",2024-03-07,2024,186,0.01,0.01
"861",2024-03-07,2024,187,0.01,0.01
"862",2024-03-07,2024,188,0,0
"863",2024-03-07,2024,189,0.01,0.01
"864",2024-03-07,2024,190,0,0
"865",2024-03-07,2024,191,0.01,0.01
"866",2024-03-07,2024,192,0,0
"867",2024-03-07,2024,193,0.01,0.01
"868",2024-03-07,2024,194,0,0
"869",2024-03-07,2024,195,0.01,0.01
"870",2024-03-07,2024,196,0.01,0.01
"871",2024-03-07,2024,197,0,0
"872",2024-03-07,2024,198,0.01,0.01
"873",2024-03-07,2024,199,0,0
"874",2024-03-07,2024,200,0.01,0.01
"875",2024-03-07,2024,201,0,0
"876",2024-03-07,2024,202,0,0
"877",2024-03-07,2024,203,0,0
"878",2024-03-07,2024,204,0,0
"879",2024-03-07,2024,205,0,0
"880",2024-03-07,2024,206,0,0
"881",2024-03-07,2024,207,0,0
"882",2024-03-07,2024,208,0,0
"883",2024-03-07,2024,209,0,0
"884",2024-03-07,2024,210,0,0
"885",2024-03-07,2024,211,0,0
"886",2024-03-07,2024,212,0,0
"887",2024-03-07,2024,213,0,0
"888",2024-03-07,2024,214,0,0
"889",2024-03-07,2024,215,0,0
"890",2024-03-07,2024,216,0,0
"891",2024-03-07,2024,217,0,0
"892",2024-03-07,2024,218,0,0
"893",2024-03-07,2024,219,0,0
"894",2024-03-07,2024,220,0,0
"895",2024-03-07,2024,221,0,0
"896",2024-03-07,2024,222,0,0
"897",2024-03-07,2024,223,0,0
"898",2024-03-07,2024,224,0,0
"899",2024-03-07,2024,225,0,0
"900",2024-03-07,2024,226,0,0
"901",2024-03-07,2024,227,0,0
"902",2024-03-07,2024,228,0,0
"903",2024-03-07,2024,229,0,0
"904",2024-03-07,2024,230,0,0
"905",2024-03-07,2024,231,0,0
"906",2024-03-07,2024,232,0,0
"907",2024-03-07,2024,233,0,0
"908",2024-03-07,2024,234,0,0
"909",2024-03-07,2024,235,0,0
"910",2024-03-07,2024,236,0,0
"911",2024-03-07,2024,237,0.01,0.01
"912",2024-03-07,2024,238,0,0
"913",2024-03-07,2024,239,0,0
"914",2024-03-07,2024,240,0,0
"915",2024-03-07,2024,241,0,0
"916",2024-03-07,2024,242,0,0
"917",2024-03-07,2024,243,0,0
"918",2024-03-07,2024,244,0,0
"919",2024-03-07,2024,245,0,0
"920",2024-03-07,2024,246,0,0
"921",2024-03-07,2024,247,0,0
"922",2024-03-07,2024,248,0,0
"923",2024-03-07,2024,249,0,0
"924",2024-03-07,2024,250,0,0
"925",2024-03-07,2024,251,0,0
"926",2024-03-07,2024,252,0,0
"927",2024-03-07,2024,253,0,0
"928",2024-03-07,2024,254,0,0
"929",2024-03-07,2024,255,0,0
"930",2024-03-07,2024,256,0,0
"931",2024-03-07,2024,257,0,0
"932",2024-03-07,2024,258,0,0
"933",2024-03-07,2024,259,0,0
"934",2024-03-07,2024,260,0,0
"935",2024-03-07,2024,261,0,0
"936",2024-03-07,2024,262,0,0
"937",2024-03-07,2024,263,0,0
"938",2024-03-07,2024,264,0,0
"939",2024-03-07,2024,265,0,0
"940",2024-03-07,2024,266,0,0
"941",2024-03-07,2024,267,0,0
"942",2024-03-07,2024,268,0,0
"943",2024-03-07,2024,269,0,0
"944",2024-03-07,2024,270,0,0
"945",2024-03-07,2024,271,0,0
"946",2024-03-07,2024,272,0,0
"947",2024-03-07,2024,273,0,0
"948",2024-03-07,2024,274,0,0
"949",2024-03-07,2024,275,0,0
"950",2024-03-07,2024,276,0,0
"951",2024-03-07,2024,277,0,0
"952",2024-03-07,2024,278,0,0
"953",2024-03-07,2024,279,0,0
"954",2024-03-07,2024,280,0,0
"955",2024-03-07,2024,281,0,0
"956",2024-03-07,2024,282,0,0
"957",2024-03-07,2024,283,0,0
"958",2024-03-07,2024,284,0,0
"959",2024-03-07,2024,285,0,0
"960",2024-03-07,2024,286,0,0
"961",2024-03-07,2024,287,0,0
"962",2024-03-07,2024,288,0,0
"963",2024-03-07,2024,289,0,0
"964",2024-03-07,2024,290,0,0
"965",2024-03-07,2024,291,0,0
"966",2024-03-07,2024,292,0,0
"967",2024-03-07,2024,293,0,0
"968",2024-03-07,2024,294,0,0
"969",2024-03-07,2024,295,0,0
"970",2024-03-07,2024,296,0,0
"971",2024-03-07,2024,297,0,0
"972",2024-03-07,2024,298,0,0
"973",2024-03-07,2024,299,0,0
"974",2024-03-07,2024,300,0,0
"975",2024-03-07,2024,301,0,0
"976",2024-03-07,2024,302,0,0
"977",2024-03-07,2024,303,0,0
"978",2024-03-07,2024,304,0,0
"979",2024-03-07,2024,305,0,0
"980",2024-03-07,2024,306,0,0
"981",2024-03-07,2024,307,0,0
"982",2024-03-07,2024,308,0,0
"983",2024-03-07,2024,309,0,0
"984",2024-03-07,2024,310,0,0
"985",2024-03-07,2024,311,0,0
"986",2024-03-07,2024,312,0,0
"987",2024-03-07,2024,313,0,0
"988",2024-03-07,2024,314,0,0
"989",2024-03-07,2024,315,0,0
"990",2024-03-07,2024,316,0,0
"991",2024-03-07,2024,317,0,0
"992",2024-03-07,2024,318,0,0
"993",2024-03-07,2024,319,0,0
"994",2024-03-07,2024,320,0,0
"995",2024-03-07,2024,321,0,0
"996",2024-03-07,2024,322,0,0
"997",2024-03-07,2024,323,0,0
"998",2024-03-07,2024,324,0,0
"999",2024-03-07,2024,325,0,0
"1000",2024-03-07,2024,326,0,0
"1001",2024-03-07,2024,327,0,0
"1002",2024-03-07,2024,328,0,0
"1003",2024-03-07,2024,329,0,0
"1004",2024-03-07,2024,330,0,0
"1005",2024-03-07,2024,331,0,0
"1006",2024-03-07,2024,332,0,0
"1007",2024-03-07,2024,333,0,0
"1008",2024-03-07,2024,334,0,0
"1009",2024-03-07,2024,335,0,0
"1010",2024-03-07,2024,336,0,0
"1011",2024-03-07,2024,337,0,0
"1012",2024-03-07,2024,338,0,0
"1013",2024-03-07,2024,339,0,0
"1014",2024-03-07,2024,340,0,0
"1015",2024-03-07,2024,341,0,0
"1016",2024-03-07,2024,342,0,0
"1017",2024-03-07,2024,343,0,0
"1018",2024-03-07,2024,344,0,0
"1019",2024-03-07,2024,345,0,0
"1020",2024-03-07,2024,346,0,0
"1021",2024-03-07,2024,347,0,0
"1022",2024-03-07,2024,348,0,0
"1023",2024-03-07,2024,349,0,0
"1024",2024-03-07,2024,350,0,0
"1025",2024-03-07,2024,351,0,0
"1026",2024-03-07,2024,352,0,0
"1027",2024-03-07,2024,353,0,0
"1028",2024-03-07,2024,354,0,0
"1029",2024-03-07,2024,355,0,0
"1030",2024-03-07,2024,356,0,0
"1031",2024-03-07,2024,357,0,0
"1032",2024-03-07,2024,358,0,0
"1033",2024-03-07,2024,359,0,0
"1034",2024-03-07,2024,360,0,0
"1035",2024-03-07,2024,361,0,0
"1036",2024-03-07,2024,362,0,0
"1037",2024-04-12,2024,1,2.1,2.1
"1038",2024-04-12,2024,2,2.54,2.54
"1039",2024-04-12,2024,3,2.96,2.96
"1040",2024-04-12,2024,4,3.35,3.35
"1041",2024-04-12,2024,5,4.47,4.47
"1042",2024-04-12,2024,6,5.08,5.08
"1043",2024-04-12,2024,7,4.67,4.67
"1044",2024-04-12,2024,8,5.11,5.11
"1045",2024-04-12,2024,9,4.49,4.49
"1046",2024-04-12,2024,10,5.24,5.24
"1047",2024-04-12,2024,11,4.22,4.22
"1048",2024-04-12,2024,12,3.6,3.6
"1049",2024-04-12,2024,13,4.22,4.22
"1050",2024-04-12,2024,14,3.44,3.44
"1051",2024-04-12,2024,15,4.02,4.02
"1052",2024-04-12,2024,16,4.14,4.14
"1053",2024-04-12,2024,17,3.88,3.88
"1054",2024-04-12,2024,18,3.79,3.79
"1055",2024-04-12,2024,19,4.36,4.36
"1056",2024-04-12,2024,20,3.04,3.04
"1057",2024-04-12,2024,21,3.57,3.57
"1058",2024-04-12,2024,22,3.82,3.82
"1059",2024-04-12,2024,23,4.68,4.68
"1060",2024-04-12,2024,24,3.22,3.22
"1061",2024-04-12,2024,25,3.99,3.99
"1062",2024-04-12,2024,26,3.58,3.58
"1063",2024-04-12,2024,27,4.13,4.13
"1064",2024-04-12,2024,28,3.59,3.59
"1065",2024-04-12,2024,29,4.99,4.99
"1066",2024-04-12,2024,30,4.17,4.17
"1067",2024-04-12,2024,31,3.72,3.72
"1068",2024-04-12,2024,32,3.4,3.4
"1069",2024-04-12,2024,33,3.11,3.11
"1070",2024-04-12,2024,34,3.63,3.63
"1071",2024-04-12,2024,35,3.23,3.23
"1072",2024-04-12,2024,36,4.63,4.63
"1073",2024-04-12,2024,37,4.28,4.28
"1074",2024-04-12,2024,38,3.53,3.53
"1075",2024-04-12,2024,39,2.89,2.89
"1076",2024-04-12,2024,40,3.99,3.99
"1077",2024-04-12,2024,41,5.97,5.97
"1078",2024-04-12,2024,42,3.16,3.16
"1079",2024-04-12,2024,43,2.7,2.7
"1080",2024-04-12,2024,44,3.47,3.47
"1081",2024-04-12,2024,45,3.24,3.24
"1082",2024-04-12,2024,46,3.26,3.26
"1083",2024-04-12,2024,47,3.37,3.37
"1084",2024-04-12,2024,48,2.92,2.92
"1085",2024-04-12,2024,49,3.52,3.52
"1086",2024-04-12,2024,50,3.45,3.45
"1087",2024-04-12,2024,51,2.84,2.84
"1088",2024-04-12,2024,52,3.17,3.17
"1089",2024-04-12,2024,53,4.88,4.88
"1090",2024-04-12,2024,54,3.11,3.11
"1091",2024-04-12,2024,55,3.09,3.09
"1092",2024-04-12,2024,56,4.4,4.4
"1093",2024-04-12,2024,57,3.35,3.35
"1094",2024-04-12,2024,58,3.47,3.47
"1095",2024-04-12,2024,59,3.97,3.97
"1096",2024-04-12,2024,60,3.33,3.33
"1097",2024-04-12,2024,61,3.25,3.25
"1098",2024-04-12,2024,62,3.02,3.02
"1099",2024-04-12,2024,63,3.37,3.37
"1100",2024-04-12,2024,64,2.55,2.55
"1101",2024-04-12,2024,65,3.27,3.27
"1102",2024-04-12,2024,66,3.98,3.98
"1103",2024-04-12,2024,67,3.47,3.47
"1104",2024-04-12,2024,68,2.43,2.43
"1105",2024-04-12,2024,69,2.45,2.45
"1106",2024-04-12,2024,70,2.78,2.78
"1107",2024-04-12,2024,71,2.47,2.47
"1108",2024-04-12,2024,72,2.9,2.9
"1109",2024-04-12,2024,73,2.31,2.31
"1110",2024-04-12,2024,74,3.03,3.03
"1111",2024-04-12,2024,75,2.67,2.67
"1112",2024-04-12,2024,76,2.25,2.25
"1113",2024-04-12,2024,77,2.55,2.55
"1114",2024-04-12,2024,78,1.71,1.71
"1115",2024-04-12,2024,79,1.54,1.54
"1116",2024-04-12,2024,80,2.08,2.08
"1117",2024-04-12,2024,81,1.65,1.65
"1118",2024-04-12,2024,82,0.81,0.81
"1119",2024-04-12,2024,83,0.77,0.77
"1120",2024-04-12,2024,84,0.72,0.72
"1121",2024-04-12,2024,85,0.49,0.49
"1122",2024-04-12,2024,86,0.42,0.42
"1123",2024-04-12,2024,87,0.36,0.36
"1124",2024-04-12,2024,88,0.43,0.43
"1125",2024-04-12,2024,89,0.39,0.39
"1126",2024-04-12,2024,90,0.52,0.52
"1127",2024-04-12,2024,91,0.38,0.38
"1128",2024-04-12,2024,92,0.36,0.36
"1129",2024-04-12,2024,93,0.36,0.36
"1130",2024-04-12,2024,94,0.4,0.4
"1131",2024-04-12,2024,95,0.45,0.45
"1132",2024-04-12,2024,96,0.5,0.5
"1133",2024-04-12,2024,97,0.45,0.45
"1134",2024-04-12,2024,98,0.23,0.23
"1135",2024-04-12,2024,99,0.29,0.29
"1136",2024-04-12,2024,100,0.17,0.17
"1137",2024-04-12,2024,101,0.23,0.23
"1138",2024-04-12,2024,102,0.49,0.49
"1139",2024-04-12,2024,103,0.29,0.29
"1140",2024-04-12,2024,104,0.19,0.19
"1141",2024-04-12,2024,105,0.24,0.24
"1142",2024-04-12,2024,106,0.25,0.25
"1143",2024-04-12,2024,107,0.2,0.2
"1144",2024-04-12,2024,108,0.18,0.18
"1145",2024-04-12,2024,109,0.22,0.22
"1146",2024-04-12,2024,110,0.11,0.11
"1147",2024-04-12,2024,111,0.16,0.16
"1148",2024-04-12,2024,112,0.15,0.15
"1149",2024-04-12,2024,113,0.23,0.23
"1150",2024-04-12,2024,114,0.16,0.16
"1151",2024-04-12,2024,115,0.11,0.11
"1152",2024-04-12,2024,116,0.18,0.18
"1153",2024-04-12,2024,117,0.1,0.1
"1154",2024-04-12,2024,118,0.1,0.1
"1155",2024-04-12,2024,119,0.18,0.18
"1156",2024-04-12,2024,120,0.11,0.11
"1157",2024-04-12,2024,121,0.21,0.21
"1158",2024-04-12,2024,122,0.22,0.22
"1159",2024-04-12,2024,123,0.08,0.08
"1160",2024-04-12,2024,124,0.1,0.1
"1161",2024-04-12,2024,125,0.24,0.24
"1162",2024-04-12,2024,126,0.2,0.2
"1163",2024-04-12,2024,127,0.11,0.11
"1164",2024-04-12,2024,128,0.12,0.12
"1165",2024-04-12,2024,129,0.09,0.09
"1166",2024-04-12,2024,130,0.08,0.08
"1167",2024-04-12,2024,131,0.13,0.13
"1168",2024-04-12,2024,132,0.14,0.14
"1169",2024-04-12,2024,133,0.09,0.09
"1170",2024-04-12,2024,134,0.29,0.29
"1171",2024-04-12,2024,135,0.11,0.11
"1172",2024-04-12,2024,136,0.12,0.12
"1173",2024-04-12,2024,137,0.17,0.17
"1174",2024-04-12,2024,138,0.19,0.19
"1175",2024-04-12,2024,139,0.04,0.04
"1176",2024-04-12,2024,140,0.07,0.07
"1177",2024-04-12,2024,141,0.06,0.06
"1178",2024-04-12,2024,142,0.1,0.1
"1179",2024-04-12,2024,143,0.43,0.43
"1180",2024-04-12,2024,144,0.14,0.14
"1181",2024-04-12,2024,145,0.09,0.09
"1182",2024-04-12,2024,146,0.15,0.15
"1183",2024-04-12,2024,147,0.07,0.07
"1184",2024-04-12,2024,148,0.12,0.12
"1185",2024-04-12,2024,149,0.15,0.15
"1186",2024-04-12,2024,150,0.08,0.08
"1187",2024-04-12,2024,151,0.03,0.03
"1188",2024-04-12,2024,152,0.25,0.25
"1189",2024-04-12,2024,153,0.25,0.25
"1190",2024-04-12,2024,154,0.09,0.09
"1191",2024-04-12,2024,155,0.05,0.05
"1192",2024-04-12,2024,156,0.15,0.15
"1193",2024-04-12,2024,157,0.09,0.09
"1194",2024-04-12,2024,158,0.16,0.16
"1195",2024-04-12,2024,159,0.09,0.09
"1196",2024-04-12,2024,160,0.05,0.05
"1197",2024-04-12,2024,161,0.03,0.03
"1198",2024-04-12,2024,162,0.09,0.09
"1199",2024-04-12,2024,163,0.07,0.07
"1200",2024-04-12,2024,164,0.06,0.06
"1201",2024-04-12,2024,165,0.08,0.08
"1202",2024-04-12,2024,166,0.05,0.05
"1203",2024-04-12,2024,167,0.03,0.03
"1204",2024-04-12,2024,168,0.05,0.05
"1205",2024-04-12,2024,169,0.19,0.19
"1206",2024-04-12,2024,170,0.03,0.03
"1207",2024-04-12,2024,171,0.04,0.04
"1208",2024-04-12,2024,172,0.06,0.06
"1209",2024-04-12,2024,173,0.05,0.05
"1210",2024-04-12,2024,174,0.07,0.07
"1211",2024-04-12,2024,175,0.03,0.03
"1212",2024-04-12,2024,176,0.06,0.06
"1213",2024-04-12,2024,177,0.04,0.04
"1214",2024-04-12,2024,178,0.04,0.04
"1215",2024-04-12,2024,179,0.06,0.06
"1216",2024-04-12,2024,180,0.02,0.02
"1217",2024-04-12,2024,181,0.09,0.09
"1218",2024-04-12,2024,182,0.1,0.1
"1219",2024-04-12,2024,183,0.16,0.16
"1220",2024-04-12,2024,184,0.05,0.05
"1221",2024-04-12,2024,185,0.09,0.09
"1222",2024-04-12,2024,186,0.07,0.07
"1223",2024-04-12,2024,187,0.05,0.05
"1224",2024-04-12,2024,188,0.03,0.03
"1225",2024-04-12,2024,189,0.13,0.13
"1226",2024-04-12,2024,190,0.1,0.1
"1227",2024-04-12,2024,191,0.07,0.07
"1228",2024-04-12,2024,192,0.06,0.06
"1229",2024-04-12,2024,193,0.05,0.05
"1230",2024-04-12,2024,194,0.03,0.03
"1231",2024-04-12,2024,195,0.06,0.06
"1232",2024-04-12,2024,196,0.06,0.06
"1233",2024-04-12,2024,197,0.05,0.05
"1234",2024-04-12,2024,198,0.07,0.07
"1235",2024-04-12,2024,199,0.08,0.08
"1236",2024-04-12,2024,200,0.04,0.04
"1237",2024-04-12,2024,201,0.06,0.06
"1238",2024-04-12,2024,202,0.03,0.03
"1239",2024-04-12,2024,203,0.07,0.07
"1240",2024-04-12,2024,204,0.12,0.12
"1241",2024-04-12,2024,205,0.04,0.04
"1242",2024-04-12,2024,206,0.01,0.01
"1243",2024-04-12,2024,207,0.03,0.03
"1244",2024-04-12,2024,208,0.01,0.01
"1245",2024-04-12,2024,209,0.07,0.07
"1246",2024-04-12,2024,210,0.07,0.07
"1247",2024-04-12,2024,211,0.15,0.15
"1248",2024-04-12,2024,212,0.06,0.06
"1249",2024-04-12,2024,213,0.02,0.02
"1250",2024-04-12,2024,214,0.01,0.01
"1251",2024-04-12,2024,215,0,0
"1252",2024-04-12,2024,216,0.03,0.03
"1253",2024-04-12,2024,217,0,0
"1254",2024-04-12,2024,218,0.04,0.04
"1255",2024-04-12,2024,219,0.02,0.02
"1256",2024-04-12,2024,220,0.12,0.12
"1257",2024-04-12,2024,221,0.01,0.01
"1258",2024-04-12,2024,222,0.02,0.02
"1259",2024-04-12,2024,223,0.04,0.04
"1260",2024-04-12,2024,224,0.01,0.01
"1261",2024-04-12,2024,225,0.06,0.06
"1262",2024-04-12,2024,226,0.04,0.04
"1263",2024-04-12,2024,227,0.04,0.04
"1264",2024-04-12,2024,228,0.09,0.09
"1265",2024-04-12,2024,229,0.07,0.07
"1266",2024-04-12,2024,230,0.12,0.12
"1267",2024-04-12,2024,231,0.03,0.03
"1268",2024-04-12,2024,232,0.03,0.03
"1269",2024-04-12,2024,233,0.07,0.07
"1270",2024-04-12,2024,234,0.01,0.01
"1271",2024-04-12,2024,235,0.11,0.11
"1272",2024-04-12,2024,236,0.05,0.05
"1273",2024-04-12,2024,237,0.08,0.08
"1274",2024-04-12,2024,238,0.09,0.09
"1275",2024-04-12,2024,239,0.06,0.06
"1276",2024-04-12,2024,240,0.1,0.1
"1277",2024-04-12,2024,241,0.2,0.2
"1278",2024-04-12,2024,242,0.03,0.03
"1279",2024-04-12,2024,243,0.02,0.02
"1280",2024-04-12,2024,244,0.04,0.04
"1281",2024-04-12,2024,245,0.14,0.14
"1282",2024-04-12,2024,246,0.09,0.09
"1283",2024-04-12,2024,247,0.02,0.02
"1284",2024-04-12,2024,248,0.04,0.04
"1285",2024-04-12,2024,249,0.03,0.03
"1286",2024-04-12,2024,250,0.05,0.05
"1287",2024-04-12,2024,251,0.13,0.13
"1288",2024-04-12,2024,252,0.04,0.04
"1289",2024-04-12,2024,253,0.04,0.04
"1290",2024-04-12,2024,254,0.03,0.03
"1291",2024-04-12,2024,255,0.06,0.06
"1292",2024-04-12,2024,256,0.04,0.04
"1293",2024-04-12,2024,257,0.05,0.05
"1294",2024-04-12,2024,258,0.03,0.03
"1295",2024-04-12,2024,259,0.03,0.03
"1296",2024-04-12,2024,260,0.09,0.09
"1297",2024-04-12,2024,261,0.08,0.08
"1298",2024-04-12,2024,262,0.04,0.04
"1299",2024-04-12,2024,263,0.02,0.02
"1300",2024-04-12,2024,264,0.04,0.04
"1301",2024-04-12,2024,265,0.02,0.02
"1302",2024-04-12,2024,266,0.02,0.02
"1303",2024-04-12,2024,267,0.07,0.07
"1304",2024-04-12,2024,268,0.14,0.14
"1305",2024-04-12,2024,269,0.02,0.02
"1306",2024-04-12,2024,270,0.02,0.02
"1307",2024-04-12,2024,271,0.04,0.04
"1308",2024-04-12,2024,272,0.01,0.01
"1309",2024-04-12,2024,273,0.04,0.04
"1310",2024-04-12,2024,274,0.02,0.02
"1311",2024-04-12,2024,275,0.02,0.02
"1312",2024-04-12,2024,276,0.02,0.02
"1313",2024-04-12,2024,277,0.03,0.03
"1314",2024-04-12,2024,278,0,0
"1315",2024-04-12,2024,279,0.04,0.04
"1316",2024-04-12,2024,280,0.07,0.07
"1317",2024-04-12,2024,281,0,0
"1318",2024-04-12,2024,282,0.01,0.01
"1319",2024-04-12,2024,283,0.03,0.03
"1320",2024-04-12,2024,284,0,0
"1321",2024-04-12,2024,285,0.02,0.02
"1322",2024-04-12,2024,286,0.02,0.02
"1323",2024-04-12,2024,287,0.02,0.02
"1324",2024-04-12,2024,288,0.03,0.03
"1325",2024-04-12,2024,289,0.06,0.06
"1326",2024-04-12,2024,290,0.71,0.71
"1327",2024-04-12,2024,291,0.01,0.01
"1328",2024-04-12,2024,292,0.07,0.07
"1329",2024-04-12,2024,293,0.02,0.02
"1330",2024-04-12,2024,294,0.07,0.07
"1331",2024-04-12,2024,295,0,0
"1332",2024-04-12,2024,296,0.1,0.1
"1333",2024-04-12,2024,297,0.09,0.09
"1334",2024-04-12,2024,298,0.01,0.01
"1335",2024-04-12,2024,299,0.01,0.01
"1336",2024-04-12,2024,300,0.04,0.04
"1337",2024-04-12,2024,301,0.04,0.04
"1338",2024-04-12,2024,302,0.04,0.04
"1339",2024-04-12,2024,303,0.04,0.04
"1340",2024-04-12,2024,304,0.26,0.26
"1341",2024-04-12,2024,305,0.03,0.03
"1342",2024-04-12,2024,306,0.02,0.02
"1343",2024-04-12,2024,307,0.04,0.04
"1344",2024-04-12,2024,308,0.03,0.03
"1345",2024-04-12,2024,309,0.03,0.03
"1346",2024-04-12,2024,310,0.02,0.02
"1347",2024-04-12,2024,311,0.01,0.01
"1348",2024-04-12,2024,312,0.23,0.23
"1349",2024-04-12,2024,313,0.06,0.06
"1350",2024-04-12,2024,314,0.05,0.05
"1351",2024-04-12,2024,315,0.03,0.03
"1352",2024-04-12,2024,316,0.07,0.07
"1353",2024-04-12,2024,317,0.04,0.04
"1354",2024-04-12,2024,318,0.01,0.01
"1355",2024-04-12,2024,319,0.04,0.04
"1356",2024-04-12,2024,320,0.02,0.02
"1357",2024-04-12,2024,321,0.02,0.02
"1358",2024-04-12,2024,322,0.03,0.03
"1359",2024-04-12,2024,323,0.14,0.14
"1360",2024-04-12,2024,324,0.22,0.22
"1361",2024-04-12,2024,325,0.03,0.03
"1362",2024-04-12,2024,326,0.01,0.01
"1363",2024-04-12,2024,327,0.01,0.01
"1364",2024-04-12,2024,328,0.06,0.06
"1365",2024-04-12,2024,329,0.08,0.08
"1366",2024-04-12,2024,330,0.03,0.03
"1367",2024-04-12,2024,331,0,0
"1368",2024-04-12,2024,332,0.03,0.03
"1369",2024-04-12,2024,333,0,0
"1370",2024-04-12,2024,334,0.01,0.01
"1371",2024-04-12,2024,335,0.17,0.17
"1372",2024-04-12,2024,336,0.01,0.01
"1373",2024-04-12,2024,337,0,0
"1374",2024-04-12,2024,338,0.01,0.01
"1375",2024-04-12,2024,339,0.03,0.03
"1376",2024-04-12,2024,340,0.01,0.01
"1377",2024-04-12,2024,341,0.09,0.09
"1378",2024-04-12,2024,342,0.03,0.03
"1379",2024-04-12,2024,343,0.01,0.01
"1380",2024-04-12,2024,344,0,0
"1381",2024-04-12,2024,345,0,0
"1382",2024-04-12,2024,346,0,0
"1383",2024-04-12,2024,347,-0.01,-0.01
"1384",2024-04-12,2024,348,0.04,0.04
"1385",2024-04-12,2024,349,0,0
"1386",2024-04-12,2024,350,0.02,0.02
"1387",2024-04-12,2024,351,0.03,0.03
"1388",2024-04-12,2024,352,0.03,0.03
"1389",2024-04-12,2024,353,0.03,0.03
"1390",2024-04-12,2024,354,0.04,0.04
"1391",2024-04-12,2024,355,0.07,0.07
"1392",2024-04-12,2024,356,0.03,0.03
"1393",2024-04-12,2024,357,0.04,0.04
"1394",2024-04-12,2024,358,0.05,0.05
"1395",2024-04-12,2024,359,0.11,0.11
"1396",2024-04-12,2024,360,0.08,0.08
"1397",2024-04-12,2024,361,0.09,0.09
"1398",2024-04-12,2024,362,0.08,0.08
"1399",2024-04-12,2024,363,0.08,0.08
"1400",2024-04-12,2024,364,0.08,0.08
"1401",2024-04-12,2024,365,0.05,0.05
"1402",2024-04-12,2024,366,0.16,0.16
"1403",2024-05-12,2024,1,2.5,3.42
"1404",2024-05-12,2024,2,3.69,3.51
"1405",2024-05-12,2024,3,4.46,3.64
"1406",2024-05-12,2024,4,4.53,3.78
"1407",2024-05-12,2024,5,4.08,3.86
"1408",2024-05-12,2024,6,3.71,3.71
"1409",2024-05-12,2024,7,3.37,3.37
"1410",2024-05-12,2024,8,3.19,3.19
"1411",2024-05-12,2024,9,2.84,2.84
"1412",2024-05-12,2024,10,2.63,2.63
"1413",2024-05-12,2024,11,1.85,1.85
"1414",2024-05-12,2024,12,1.67,1.67
"1415",2024-05-12,2024,13,1.49,1.49
"1416",2024-05-12,2024,14,1.58,1.58
"1417",2024-05-12,2024,15,1.65,1.65
"1418",2024-05-12,2024,16,1.62,1.62
"1419",2024-05-12,2024,17,1.85,1.85
"1420",2024-05-12,2024,18,1.57,1.57
"1421",2024-05-12,2024,19,1.3,1.3
"1422",2024-05-12,2024,20,0.93,0.93
"1423",2024-05-12,2024,21,0.87,0.87
"1424",2024-05-12,2024,22,0.9,0.9
"1425",2024-05-12,2024,23,0.8,0.8
"1426",2024-05-12,2024,24,0.68,0.68
"1427",2024-05-12,2024,25,0.47,0.47
"1428",2024-05-12,2024,26,0.44,0.44
"1429",2024-05-12,2024,27,0.44,0.44
"1430",2024-05-12,2024,28,0.45,0.45
"1431",2024-05-12,2024,29,0.47,0.47
"1432",2024-05-12,2024,30,0.42,0.42
"1433",2024-05-12,2024,31,0.38,0.38
"1434",2024-05-12,2024,32,0.36,0.36
"1435",2024-05-12,2024,33,0.37,0.37
"1436",2024-05-12,2024,34,0.29,0.29
"1437",2024-05-12,2024,35,0.3,0.3
"1438",2024-05-12,2024,36,0.29,0.29
"1439",2024-05-12,2024,37,0.3,0.3
"1440",2024-05-12,2024,38,0.32,0.32
"1441",2024-05-12,2024,39,0.29,0.29
"1442",2024-05-12,2024,40,0.36,0.36
"1443",2024-05-12,2024,41,0.38,0.38
"1444",2024-05-12,2024,42,0.38,0.38
"1445",2024-05-12,2024,43,0.35,0.35
"1446",2024-05-12,2024,44,0.34,0.34
"1447",2024-05-12,2024,45,0.33,0.33
"1448",2024-05-12,2024,46,0.33,0.33
"1449",2024-05-12,2024,47,0.3,0.3
"1450",2024-05-12,2024,48,0.31,0.31
"1451",2024-05-12,2024,49,0.31,0.31
"1452",2024-05-12,2024,50,0.26,0.26
"1453",2024-05-12,2024,51,0.26,0.26
"1454",2024-05-12,2024,52,0.25,0.25
"1455",2024-05-12,2024,53,0.27,0.27
"1456",2024-05-12,2024,54,0.3,0.3
"1457",2024-05-12,2024,55,0.28,0.28
"1458",2024-05-12,2024,56,0.31,0.31
"1459",2024-05-12,2024,57,0.25,0.25
"1460",2024-05-12,2024,58,0.24,0.24
"1461",2024-05-12,2024,59,0.24,0.24
"1462",2024-05-12,2024,60,0.25,0.25
"1463",2024-05-12,2024,61,0.21,0.21
"1464",2024-05-12,2024,62,0.22,0.22
"1465",2024-05-12,2024,63,0.21,0.21
"1466",2024-05-12,2024,64,0.21,0.21
"1467",2024-05-12,2024,65,0.18,0.18
"1468",2024-05-12,2024,66,0.17,0.17
"1469",2024-05-12,2024,67,0.13,0.13
"1470",2024-05-12,2024,68,0.12,0.12
"1471",2024-05-12,2024,69,0.13,0.13
"1472",2024-05-12,2024,70,0.1,0.1
"1473",2024-05-12,2024,71,0.11,0.11
"1474",2024-05-12,2024,72,0.11,0.11
"1475",2024-05-12,2024,73,0.1,0.1
"1476",2024-05-12,2024,74,0.1,0.1
"1477",2024-05-12,2024,75,0.1,0.1
"1478",2024-05-12,2024,76,0.11,0.11
"1479",2024-05-12,2024,77,0.09,0.09
"1480",2024-05-12,2024,78,0.08,0.08
"1481",2024-05-12,2024,79,0.1,0.1
"1482",2024-05-12,2024,80,0.08,0.08
"1483",2024-05-12,2024,81,0.09,0.09
"1484",2024-05-12,2024,82,0.09,0.09
"1485",2024-05-12,2024,83,0.1,0.1
"1486",2024-05-12,2024,84,0.08,0.08
"1487",2024-05-12,2024,85,0.07,0.07
"1488",2024-05-12,2024,86,0.07,0.07
"1489",2024-05-12,2024,87,0.04,0.04
"1490",2024-05-12,2024,88,0.03,0.03
"1491",2024-05-12,2024,89,0.05,0.05
"1492",2024-05-12,2024,90,0.03,0.03
"1493",2024-05-12,2024,91,0.03,0.03
"1494",2024-05-12,2024,92,0.03,0.03
"1495",2024-05-12,2024,93,0.02,0.02
"1496",2024-05-12,2024,94,0.02,0.02
"1497",2024-05-12,2024,95,0.03,0.03
"1498",2024-05-12,2024,96,0.02,0.02
"1499",2024-05-12,2024,97,0.02,0.02
"1500",2024-05-12,2024,98,0.01,0.01
"1501",2024-05-12,2024,99,0.01,0.01
"1502",2024-05-12,2024,100,0.01,0.01
"1503",2024-05-12,2024,101,0.01,0.01
"1504",2024-05-12,2024,102,0.01,0.01
"1505",2024-05-12,2024,103,0.01,0.01
"1506",2024-05-12,2024,104,0.02,0.02
"1507",2024-05-12,2024,105,0.01,0.01
"1508",2024-05-12,2024,106,0.01,0.01
"1509",2024-05-12,2024,107,0.01,0.01
"1510",2024-05-12,2024,108,0.01,0.01
"1511",2024-05-12,2024,109,0.01,0.01
"1512",2024-05-12,2024,110,0.02,0.02
"1513",2024-05-12,2024,111,0.01,0.01
"1514",2024-05-12,2024,112,0.01,0.01
"1515",2024-05-12,2024,113,0.02,0.02
"1516",2024-05-12,2024,114,0.02,0.02
"1517",2024-05-12,2024,115,0.01,0.01
"1518",2024-05-12,2024,116,0.01,0.01
"1519",2024-05-12,2024,117,0,0
"1520",2024-05-12,2024,118,0.01,0.01
"1521",2024-05-12,2024,119,0,0
"1522",2024-05-12,2024,120,0.01,0.01
"1523",2024-05-12,2024,121,0,0
"1524",2024-05-12,2024,122,0,0
"1525",2024-05-12,2024,123,0.01,0.01
"1526",2024-05-12,2024,124,0,0
"1527",2024-05-12,2024,125,0,0
"1528",2024-05-12,2024,126,0.01,0.01
"1529",2024-05-12,2024,127,0,0
"1530",2024-05-12,2024,128,0.01,0.01
"1531",2024-05-12,2024,129,0,0
"1532",2024-05-12,2024,130,0.01,0.01
"1533",2024-05-12,2024,131,0,0
"1534",2024-05-12,2024,132,0,0
"1535",2024-05-12,2024,133,0.01,0.01
"1536",2024-05-12,2024,134,0.01,0.01
"1537",2024-05-12,2024,135,0.01,0.01
"1538",2024-05-12,2024,136,0.01,0.01
"1539",2024-05-12,2024,137,0.01,0.01
"1540",2024-05-12,2024,138,0.01,0.01
"1541",2024-05-12,2024,139,0.01,0.01
"1542",2024-05-12,2024,140,0.01,0.01
"1543",2024-05-12,2024,141,0.03,0.03
"1544",2024-05-12,2024,142,0.01,0.01
"1545",2024-05-12,2024,143,0.01,0.01
"1546",2024-05-12,2024,144,0.01,0.01
"1547",2024-05-12,2024,145,0,0
"1548",2024-05-12,2024,146,0.01,0.01
"1549",2024-05-12,2024,147,0,0
"1550",2024-05-12,2024,148,0.01,0.01
"1551",2024-05-12,2024,149,0,0
"1552",2024-05-12,2024,150,0,0
"1553",2024-05-12,2024,151,0,0
"1554",2024-05-12,2024,152,0.02,0.02
"1555",2024-05-12,2024,153,0,0
"1556",2024-05-12,2024,154,0.01,0.01
"1557",2024-05-12,2024,155,0.01,0.01
"1558",2024-05-12,2024,156,0.01,0.01
"1559",2024-05-12,2024,157,0,0
"1560",2024-05-12,2024,158,0,0
"1561",2024-05-12,2024,159,0.01,0.01
"1562",2024-05-12,2024,160,0.01,0.01
"1563",2024-05-12,2024,161,0,0
"1564",2024-05-12,2024,162,0,0
"1565",2024-05-12,2024,163,0,0
"1566",2024-05-12,2024,164,0,0
"1567",2024-05-12,2024,165,0,0
"1568",2024-05-12,2024,166,0,0
"1569",2024-05-12,2024,167,0.01,0.01
"1570",2024-05-12,2024,168,0,0
"1571",2024-05-12,2024,169,0,0
"1572",2024-05-12,2024,170,0.01,0.01
"1573",2024-05-12,2024,171,0,0
"1574",2024-05-12,2024,172,0,0
"1575",2024-05-12,2024,173,0,0
"1576",2024-05-12,2024,174,0.01,0.01
"1577",2024-05-12,2024,175,0.01,0.01
"1578",2024-05-12,2024,176,0.01,0.01
"1579",2024-05-12,2024,177,0.01,0.01
"1580",2024-05-12,2024,178,0.01,0.01
"1581",2024-05-12,2024,179,0,0
"1582",2024-05-12,2024,180,0.01,0.01
"1583",2024-05-12,2024,181,0,0
"1584",2024-05-12,2024,182,0.01,0.01
"1585",2024-05-12,2024,183,0,0
"1586",2024-05-12,2024,184,0,0
"1587",2024-05-12,2024,185,0,0
"1588",2024-05-12,2024,186,0,0
"1589",2024-05-12,2024,187,0.01,0.01
"1590",2024-05-12,2024,188,0.01,0.01
"1591",2024-05-12,2024,189,0,0
"1592",2024-05-12,2024,190,0.01,0.01
"1593",2024-05-12,2024,191,0,0
"1594",2024-05-12,2024,192,0,0
"1595",2024-05-12,2024,193,0,0
"1596",2024-05-12,2024,194,0.01,0.01
"1597",2024-05-12,2024,195,0.01,0.01
"1598",2024-05-12,2024,196,0.01,0.01
"1599",2024-05-12,2024,197,0.01,0.01
"1600",2024-05-12,2024,198,0.01,0.01
"1601",2024-05-12,2024,199,0.01,0.01
"1602",2024-05-12,2024,200,0.01,0.01
"1603",2024-05-12,2024,201,0.01,0.01
"1604",2024-05-12,2024,202,0.01,0.01
"1605",2024-05-12,2024,203,0.01,0.01
"1606",2024-05-12,2024,204,0.01,0.01
"1607",2024-05-12,2024,205,0.01,0.01
"1608",2024-05-12,2024,206,0,0
"1609",2024-05-12,2024,207,0,0
"1610",2024-05-12,2024,208,0.01,0.01
"1611",2024-05-12,2024,209,0,0
"1612",2024-05-12,2024,210,0.01,0.01
"1613",2024-05-12,2024,211,0.01,0.01
"1614",2024-05-12,2024,212,0.01,0.01
"1615",2024-05-12,2024,213,0.01,0.01
"1616",2024-05-12,2024,214,0.01,0.01
"1617",2024-05-12,2024,215,0,0
"1618",2024-05-12,2024,216,0.01,0.01
"1619",2024-05-12,2024,217,0.01,0.01
"1620",2024-05-12,2024,218,0,0
"1621",2024-05-12,2024,219,0,0
"1622",2024-05-12,2024,220,0.01,0.01
"1623",2024-05-12,2024,221,0.01,0.01
"1624",2024-05-12,2024,222,0,0
"1625",2024-05-12,2024,223,0,0
"1626",2024-05-12,2024,224,0,0
"1627",2024-05-12,2024,225,0.01,0.01
"1628",2024-05-12,2024,226,0,0
"1629",2024-05-12,2024,227,0,0
"1630",2024-05-12,2024,228,0.01,0.01
"1631",2024-05-12,2024,229,0,0
"1632",2024-05-12,2024,230,0.01,0.01
"1633",2024-05-12,2024,231,0.01,0.01
"1634",2024-05-12,2024,232,0,0
"1635",2024-05-12,2024,233,0.01,0.01
"1636",2024-05-12,2024,234,0.01,0.01
"1637",2024-05-12,2024,235,0,0
"1638",2024-05-12,2024,236,0.02,0.02
"1639",2024-05-12,2024,237,0.01,0.01
"1640",2024-05-12,2024,238,0.01,0.01
"1641",2024-05-12,2024,239,0.01,0.01
"1642",2024-05-12,2024,240,0.01,0.01
"1643",2024-05-12,2024,241,0,0
"1644",2024-05-12,2024,242,0.01,0.01
"1645",2024-05-12,2024,243,0.01,0.01
"1646",2024-05-12,2024,244,0,0
"1647",2024-05-12,2024,245,0.01,0.01
"1648",2024-05-12,2024,246,0.02,0.02
"1649",2024-05-12,2024,247,0.02,0.02
"1650",2024-05-12,2024,248,0,0
"1651",2024-05-12,2024,249,0,0
"1652",2024-05-12,2024,250,0.01,0.01
"1653",2024-05-12,2024,251,0.01,0.01
"1654",2024-05-12,2024,252,0.01,0.01
"1655",2024-05-12,2024,253,0.01,0.01
"1656",2024-05-12,2024,254,0.01,0.01
"1657",2024-05-12,2024,255,0,0
"1658",2024-05-12,2024,256,0.01,0.01
"1659",2024-05-12,2024,257,0.01,0.01
"1660",2024-05-12,2024,258,0,0
"1661",2024-05-12,2024,259,0.01,0.01
"1662",2024-05-12,2024,260,0.01,0.01
"1663",2024-05-12,2024,261,0,0
"1664",2024-05-12,2024,262,0,0
"1665",2024-05-12,2024,263,0.01,0.01
"1666",2024-05-12,2024,264,0.01,0.01
"1667",2024-05-12,2024,265,0.01,0.01
"1668",2024-05-12,2024,266,0.01,0.01
"1669",2024-05-12,2024,267,0.01,0.01
"1670",2024-05-12,2024,268,0.01,0.01
"1671",2024-05-12,2024,269,0.01,0.01
"1672",2024-05-12,2024,270,0,0
"1673",2024-05-12,2024,271,0.01,0.01
"1674",2024-05-12,2024,272,0.01,0.01
"1675",2024-05-12,2024,273,0.01,0.01
"1676",2024-05-12,2024,274,0.01,0.01
"1677",2024-05-12,2024,275,0.01,0.01
"1678",2024-05-12,2024,276,0.01,0.01
"1679",2024-05-12,2024,277,0.01,0.01
"1680",2024-05-12,2024,278,0.01,0.01
"1681",2024-05-12,2024,279,0.01,0.01
"1682",2024-05-12,2024,280,0.01,0.01
"1683",2024-05-12,2024,281,0,0
"1684",2024-05-12,2024,282,0.01,0.01
"1685",2024-05-12,2024,283,0.01,0.01
"1686",2024-05-12,2024,284,0,0
"1687",2024-05-12,2024,285,0,0
"1688",2024-05-12,2024,286,0,0
"1689",2024-05-12,2024,287,0.01,0.01
"1690",2024-05-12,2024,288,0.02,0.02
"1691",2024-05-12,2024,289,0.01,0.01
"1692",2024-05-12,2024,290,0.01,0.01
"1693",2024-05-12,2024,291,0.01,0.01
"1694",2024-05-12,2024,292,0,0
"1695",2024-05-12,2024,293,0,0
"1696",2024-05-12,2024,294,0.01,0.01
"1697",2024-05-12,2024,295,0.01,0.01
"1698",2024-05-12,2024,296,0.01,0.01
"1699",2024-05-12,2024,297,0.01,0.01
"1700",2024-05-12,2024,298,0.01,0.01
"1701",2024-05-12,2024,299,0.01,0.01
"1702",2024-05-12,2024,300,0.01,0.01
"1703",2024-05-12,2024,301,0.01,0.01
"1704",2024-05-12,2024,302,0.01,0.01
"1705",2024-05-12,2024,303,0.01,0.01
"1706",2024-05-12,2024,304,0.01,0.01
"1707",2024-05-12,2024,305,0.01,0.01
"1708",2024-05-12,2024,306,0.01,0.01
"1709",2024-05-12,2024,307,0.01,0.01
"1710",2024-05-12,2024,308,0.01,0.01
"1711",2024-05-12,2024,309,0.01,0.01
"1712",2024-05-12,2024,310,0.01,0.01
"1713",2024-05-12,2024,311,0.01,0.01
"1714",2024-05-12,2024,312,0.01,0.01
"1715",2024-05-12,2024,313,0.01,0.01
"1716",2024-05-12,2024,314,0.01,0.01
"1717",2024-05-12,2024,315,0.01,0.01
"1718",2024-05-12,2024,316,0.01,0.01
"1719",2024-05-12,2024,317,0.01,0.01
"1720",2024-05-12,2024,318,0.01,0.01
"1721",2024-05-12,2024,319,0.01,0.01
"1722",2024-05-12,2024,320,0.01,0.01
"1723",2024-05-12,2024,321,0.01,0.01
"1724",2024-05-12,2024,322,0.01,0.01
"1725",2024-05-12,2024,323,0.01,0.01
"1726",2024-05-12,2024,324,0.01,0.01
"1727",2024-05-12,2024,325,0.01,0.01
"1728",2024-05-12,2024,326,0.01,0.01
"1729",2024-05-12,2024,327,0.02,0.02
"1730",2024-05-12,2024,328,0.01,0.01
"1731",2024-05-12,2024,329,0.01,0.01
"1732",2024-05-12,2024,330,0.01,0.01
"1733",2024-05-12,2024,331,0.01,0.01
"1734",2024-05-12,2024,332,0,0
"1735",2024-05-12,2024,333,0.01,0.01
"1736",2024-05-12,2024,334,0.02,0.02
"1737",2024-05-12,2024,335,0.01,0.01
"1738",2024-05-12,2024,336,0.01,0.01
"1739",2024-05-12,2024,337,0.01,0.01
"1740",2024-05-12,2024,338,0.01,0.01
"1741",2024-05-12,2024,339,0.01,0.01
"1742",2024-05-12,2024,340,0.01,0.01
"1743",2024-05-12,2024,341,0.01,0.01
"1744",2024-05-12,2024,342,0.01,0.01
"1745",2024-05-12,2024,343,0.01,0.01
"1746",2024-05-12,2024,344,0.02,0.02
"1747",2024-05-12,2024,345,0.01,0.01
"1748",2024-05-12,2024,346,0.02,0.02
"1749",2024-05-12,2024,347,0.01,0.01
"1750",2024-05-12,2024,348,0.01,0.01
"1751",2024-05-12,2024,349,0.01,0.01
"1752",2024-05-12,2024,350,0.01,0.01
"1753",2024-05-12,2024,351,0.02,0.02
"1754",2024-05-12,2024,352,0.01,0.01
"1755",2024-05-12,2024,353,0.01,0.01
"1756",2024-05-12,2024,354,0.01,0.01
"1757",2024-05-12,2024,355,0.01,0.01
"1758",2024-05-12,2024,356,0.01,0.01
"1759",2024-05-12,2024,357,0.01,0.01
"1760",2024-05-12,2024,358,0.01,0.01
"1761",2024-05-12,2024,359,0.01,0.01
"1762",2024-05-12,2024,360,0.01,0.01
"1763",2024-05-12,2024,361,0.01,0.01
"1764",2024-05-12,2024,362,0.01,0.01
"1765",2024-05-12,2024,363,0.01,0.01
"1766",2024-05-12,2024,364,0.01,0.01
"1767",2024-05-12,2024,365,0.01,0.01
"1768",2024-05-12,2024,366,0.01,0.01
"1769",2024-07-18,2024,1,1.28,1.28
"1770",2024-07-18,2024,2,2.02,2.02
"1771",2024-07-18,2024,3,2.93,2.93
"1772",2024-07-18,2024,4,3.95,3.95
"1773",2024-07-18,2024,5,11.46,11.46
"1774",2024-07-18,2024,6,11.85,11.85
"1775",2024-07-18,2024,7,14.55,14.55
"1776",2024-07-18,2024,8,16.73,16.73
"1777",2024-07-18,2024,9,41.36,41.36
"1778",2024-07-18,2024,10,26.7,26.7
"1779",2024-07-18,2024,11,14.02,14.02
"1780",2024-07-18,2024,12,13.89,13.89
"1781",2024-07-18,2024,13,7.91,7.91
"1782",2024-07-18,2024,14,6.62,6.62
"1783",2024-07-18,2024,15,4.78,4.78
"1784",2024-07-18,2024,16,5.72,5.72
"1785",2024-07-18,2024,17,6.33,6.33
"1786",2024-07-18,2024,18,5.52,5.52
"1787",2024-07-18,2024,19,5.05,5.05
"1788",2024-07-18,2024,20,3.73,3.73
"1789",2024-07-18,2024,21,2.66,2.66
"1790",2024-07-18,2024,22,2.04,2.04
"1791",2024-07-18,2024,23,1.72,1.72
"1792",2024-07-18,2024,24,1.64,1.64
"1793",2024-07-18,2024,25,1.68,1.68
"1794",2024-07-18,2024,26,1.48,1.48
"1795",2024-07-18,2024,27,1.42,1.42
"1796",2024-07-18,2024,28,1.33,1.33
"1797",2024-07-18,2024,29,1.32,1.32
"1798",2024-07-18,2024,30,1.25,1.25
"1799",2024-07-18,2024,31,1.19,1.19
"1800",2024-07-18,2024,32,1.05,1.05
"1801",2024-07-18,2024,33,1.01,1.01
"1802",2024-07-18,2024,34,1.02,1.02
"1803",2024-07-18,2024,35,0.81,0.81
"1804",2024-07-18,2024,36,0.95,0.95
"1805",2024-07-18,2024,37,0.64,0.64
"1806",2024-07-18,2024,38,0.78,0.78
"1807",2024-07-18,2024,39,0.81,0.81
"1808",2024-07-18,2024,40,0.71,0.71
"1809",2024-07-18,2024,41,1.07,1.07
"1810",2024-07-18,2024,42,0.78,0.78
"1811",2024-07-18,2024,43,0.6,0.6
"1812",2024-07-18,2024,44,0.55,0.55
"1813",2024-07-18,2024,45,0.59,0.59
"1814",2024-07-18,2024,46,0.68,0.68
"1815",2024-07-18,2024,47,0.48,0.48
"1816",2024-07-18,2024,48,0.41,0.41
"1817",2024-07-18,2024,49,0.48,0.48
"1818",2024-07-18,2024,50,0.57,0.57
"1819",2024-07-18,2024,51,0.43,0.43
"1820",2024-07-18,2024,52,0.45,0.45
"1821",2024-07-18,2024,53,0.42,0.42
"1822",2024-07-18,2024,54,0.36,0.36
"1823",2024-07-18,2024,55,0.32,0.32
"1824",2024-07-18,2024,56,0.59,0.59
"1825",2024-07-18,2024,57,0.3,0.3
"1826",2024-07-18,2024,58,0.28,0.28
"1827",2024-07-18,2024,59,0.26,0.26
"1828",2024-07-18,2024,60,0.33,0.33
"1829",2024-07-18,2024,61,0.43,0.43
"1830",2024-07-18,2024,62,0.42,0.42
"1831",2024-07-18,2024,63,0.33,0.33
"1832",2024-07-18,2024,64,0.33,0.33
"1833",2024-07-18,2024,65,0.27,0.27
"1834",2024-07-18,2024,66,0.25,0.25
"1835",2024-07-18,2024,67,0.36,0.36
"1836",2024-07-18,2024,68,0.28,0.28
"1837",2024-07-18,2024,69,0.23,0.23
"1838",2024-07-18,2024,70,0.27,0.27
"1839",2024-07-18,2024,71,0.22,0.22
"1840",2024-07-18,2024,72,0.24,0.24
"1841",2024-07-18,2024,73,0.22,0.22
"1842",2024-07-18,2024,74,0.26,0.26
"1843",2024-07-18,2024,75,0.21,0.21
"1844",2024-07-18,2024,76,0.2,0.2
"1845",2024-07-18,2024,77,0.14,0.14
"1846",2024-07-18,2024,78,0.15,0.15
"1847",2024-07-18,2024,79,0.13,0.13
"1848",2024-07-18,2024,80,0.14,0.14
"1849",2024-07-18,2024,81,0.11,0.11
"1850",2024-07-18,2024,82,0.09,0.09
"1851",2024-07-18,2024,83,0.12,0.12
"1852",2024-07-18,2024,84,0.1,0.1
"1853",2024-07-18,2024,85,0.11,0.11
"1854",2024-07-18,2024,86,0.12,0.12
"1855",2024-07-18,2024,87,0.11,0.11
"1856",2024-07-18,2024,88,0.12,0.12
"1857",2024-07-18,2024,89,0.09,0.09
"1858",2024-07-18,2024,90,0.07,0.07
"1859",2024-07-18,2024,91,0.08,0.08
"1860",2024-07-18,2024,92,0.09,0.09
"1861",2024-07-18,2024,93,0.16,0.16
"1862",2024-07-18,2024,94,0.09,0.09
"1863",2024-07-18,2024,95,0.08,0.08
"1864",2024-07-18,2024,96,0.1,0.1
"1865",2024-07-18,2024,97,0.07,0.07
"1866",2024-07-18,2024,98,0.13,0.13
"1867",2024-07-18,2024,99,0.08,0.08
"1868",2024-07-18,2024,100,0.33,0.33
"1869",2024-07-18,2024,101,0.09,0.09
"1870",2024-07-18,2024,102,0.1,0.1
"1871",2024-07-18,2024,103,0.07,0.07
"1872",2024-07-18,2024,104,0.06,0.06
"1873",2024-07-18,2024,105,0.07,0.07
"1874",2024-07-18,2024,106,0.16,0.16
"1875",2024-07-18,2024,107,0.06,0.06
"1876",2024-07-18,2024,108,0.05,0.05
"1877",2024-07-18,2024,109,0.04,0.04
"1878",2024-07-18,2024,110,0.04,0.04
"1879",2024-07-18,2024,111,0.04,0.04
"1880",2024-07-18,2024,112,0.03,0.03
"1881",2024-07-18,2024,113,0.05,0.05
"1882",2024-07-18,2024,114,0.03,0.03
"1883",2024-07-18,2024,115,0.05,0.05
"1884",2024-07-18,2024,116,0.03,0.03
"1885",2024-07-18,2024,117,0.03,0.03
"1886",2024-07-18,2024,118,0.03,0.03
"1887",2024-07-18,2024,119,0.11,0.11
"1888",2024-07-18,2024,120,0.04,0.04
"1889",2024-07-18,2024,121,0.03,0.03
"1890",2024-07-18,2024,122,0.05,0.05
"1891",2024-07-18,2024,123,0.01,0.01
"1892",2024-07-18,2024,124,0.02,0.02
"1893",2024-07-18,2024,125,0.02,0.02
"1894",2024-07-18,2024,126,0.04,0.04
"1895",2024-07-18,2024,127,0.02,0.02
"1896",2024-07-18,2024,128,0.02,0.02
"1897",2024-07-18,2024,129,0.03,0.03
"1898",2024-07-18,2024,130,0.06,0.06
"1899",2024-07-18,2024,131,0.04,0.04
"1900",2024-07-18,2024,132,0.03,0.03
"1901",2024-07-18,2024,133,0.02,0.02
"1902",2024-07-18,2024,134,0.02,0.02
"1903",2024-07-18,2024,135,0.02,0.02
"1904",2024-07-18,2024,136,0.04,0.04
"1905",2024-07-18,2024,137,0.02,0.02
"1906",2024-07-18,2024,138,0.02,0.02
"1907",2024-07-18,2024,139,0.03,0.03
"1908",2024-07-18,2024,140,0.02,0.02
"1909",2024-07-18,2024,141,0.03,0.03
"1910",2024-07-18,2024,142,0.03,0.03
"1911",2024-07-18,2024,143,0.02,0.02
"1912",2024-07-18,2024,144,0.02,0.02
"1913",2024-07-18,2024,145,0.02,0.02
"1914",2024-07-18,2024,146,0.03,0.03
"1915",2024-07-18,2024,147,0.01,0.01
"1916",2024-07-18,2024,148,0.03,0.03
"1917",2024-07-18,2024,149,0.03,0.03
"1918",2024-07-18,2024,150,0.05,0.05
"1919",2024-07-18,2024,151,0.02,0.02
"1920",2024-07-18,2024,152,0.02,0.02
"1921",2024-07-18,2024,153,0.02,0.02
"1922",2024-07-18,2024,154,0.01,0.01
"1923",2024-07-18,2024,155,0.06,0.06
"1924",2024-07-18,2024,156,0.03,0.03
"1925",2024-07-18,2024,157,0.01,0.01
"1926",2024-07-18,2024,158,0.02,0.02
"1927",2024-07-18,2024,159,0.02,0.02
"1928",2024-07-18,2024,160,0.02,0.02
"1929",2024-07-18,2024,161,0.02,0.02
"1930",2024-07-18,2024,162,0.08,0.08
"1931",2024-07-18,2024,163,0.03,0.03
"1932",2024-07-18,2024,164,0.02,0.02
"1933",2024-07-18,2024,165,0.02,0.02
"1934",2024-07-18,2024,166,0.02,0.02
"1935",2024-07-18,2024,167,0.03,0.03
"1936",2024-07-18,2024,168,0.02,0.02
"1937",2024-07-18,2024,169,0.02,0.02
"1938",2024-07-18,2024,170,0.04,0.04
"1939",2024-07-18,2024,171,0.02,0.02
"1940",2024-07-18,2024,172,0.03,0.03
"1941",2024-07-18,2024,173,0.02,0.02
"1942",2024-07-18,2024,174,0.01,0.01
"1943",2024-07-18,2024,175,0.02,0.02
"1944",2024-07-18,2024,176,0.02,0.02
"1945",2024-07-18,2024,177,0.01,0.01
"1946",2024-07-18,2024,178,0.01,0.01
"1947",2024-07-18,2024,179,0.02,0.02
"1948",2024-07-18,2024,180,0.02,0.02
"1949",2024-07-18,2024,181,0.01,0.01
"1950",2024-07-18,2024,182,0.01,0.01
"1951",2024-07-18,2024,183,0,0
"1952",2024-07-18,2024,184,0.01,0.01
"1953",2024-07-18,2024,185,0.01,0.01
"1954",2024-07-18,2024,186,0,0
"1955",2024-07-18,2024,187,0.01,0.01
"1956",2024-07-18,2024,188,0,0
"1957",2024-07-18,2024,189,0.02,0.02
"1958",2024-07-18,2024,190,0.01,0.01
"1959",2024-07-18,2024,191,0,0
"1960",2024-07-18,2024,192,0.04,0.04
"1961",2024-07-18,2024,193,0.01,0.01
"1962",2024-07-18,2024,194,0,0
"1963",2024-07-18,2024,195,0,0
"1964",2024-07-18,2024,196,0,0
"1965",2024-07-18,2024,197,0,0
"1966",2024-07-18,2024,198,0,0
"1967",2024-07-18,2024,199,0,0
"1968",2024-07-18,2024,200,0,0
"1969",2024-07-18,2024,201,0,0
"1970",2024-07-18,2024,202,0.01,0.01
"1971",2024-07-18,2024,203,0,0
"1972",2024-07-18,2024,204,0.01,0.01
"1973",2024-07-18,2024,205,0,0
"1974",2024-07-18,2024,206,0.04,0.04
"1975",2024-07-18,2024,207,0.01,0.01
"1976",2024-07-18,2024,208,0,0
"1977",2024-07-18,2024,209,0.01,0.01
"1978",2024-07-18,2024,210,0.01,0.01
"1979",2024-07-18,2024,211,0.01,0.01
"1980",2024-07-18,2024,212,0.04,0.04
"1981",2024-07-18,2024,213,0.01,0.01
"1982",2024-07-18,2024,214,0.02,0.02
"1983",2024-07-18,2024,215,0.01,0.01
"1984",2024-07-18,2024,216,0.03,0.03
"1985",2024-07-18,2024,217,0.03,0.03
"1986",2024-07-18,2024,218,0.02,0.02
"1987",2024-07-18,2024,219,0.01,0.01
"1988",2024-07-18,2024,220,0.01,0.01
"1989",2024-07-18,2024,221,0.02,0.02
"1990",2024-07-18,2024,222,0.01,0.01
"1991",2024-07-18,2024,223,0.04,0.04
"1992",2024-07-18,2024,224,0.01,0.01
"1993",2024-07-18,2024,225,0.01,0.01
"1994",2024-07-18,2024,226,0.01,0.01
"1995",2024-07-18,2024,227,0.02,0.02
"1996",2024-07-18,2024,228,0,0
"1997",2024-07-18,2024,229,0.03,0.03
"1998",2024-07-18,2024,230,0.04,0.04
"1999",2024-07-18,2024,231,0.01,0.01
"2000",2024-07-18,2024,232,0.02,0.02
"2001",2024-07-18,2024,233,0.01,0.01
"2002",2024-07-18,2024,234,0.01,0.01
"2003",2024-07-18,2024,235,0.02,0.02
"2004",2024-07-18,2024,236,0.03,0.03
"2005",2024-07-18,2024,237,0.02,0.02
"2006",2024-07-18,2024,238,0.01,0.01
"2007",2024-07-18,2024,239,0.01,0.01
"2008",2024-07-18,2024,240,0.01,0.01
"2009",2024-07-18,2024,241,0.01,0.01
"2010",2024-07-18,2024,242,0.03,0.03
"2011",2024-07-18,2024,243,0.01,0.01
"2012",2024-07-18,2024,244,0.02,0.02
"2013",2024-07-18,2024,245,0.01,0.01
"2014",2024-07-18,2024,246,0.01,0.01
"2015",2024-07-18,2024,247,0.01,0.01
"2016",2024-07-18,2024,248,0,0
"2017",2024-07-18,2024,249,0.01,0.01
"2018",2024-07-18,2024,250,0.01,0.01
"2019",2024-07-18,2024,251,0.01,0.01
"2020",2024-07-18,2024,252,0.01,0.01
"2021",2024-07-18,2024,253,0.01,0.01
"2022",2024-07-18,2024,254,0,0
"2023",2024-07-18,2024,255,0.01,0.01
"2024",2024-07-18,2024,256,0.01,0.01
"2025",2024-07-18,2024,257,0.03,0.03
"2026",2024-07-18,2024,258,0.03,0.03
"2027",2024-07-18,2024,259,0.01,0.01
"2028",2024-07-18,2024,260,0.01,0.01
"2029",2024-07-18,2024,261,0.02,0.02
"2030",2024-07-18,2024,262,0.02,0.02
"2031",2024-07-18,2024,263,0.01,0.01
"2032",2024-07-18,2024,264,0.04,0.04
"2033",2024-07-18,2024,265,0.02,0.02
"2034",2024-07-18,2024,266,0.02,0.02
"2035",2024-07-18,2024,267,0.01,0.01
"2036",2024-07-18,2024,268,0.02,0.02
"2037",2024-07-18,2024,269,0.02,0.02
"2038",2024-07-18,2024,270,0.03,0.03
"2039",2024-07-18,2024,271,0.01,0.01
"2040",2024-07-18,2024,272,0.03,0.03
"2041",2024-07-18,2024,273,0.03,0.03
"2042",2024-07-18,2024,274,0.03,0.03
"2043",2024-07-18,2024,275,0.02,0.02
"2044",2024-07-18,2024,276,0.04,0.04
"2045",2024-07-18,2024,277,0.03,0.03
"2046",2024-07-18,2024,278,0.03,0.03
"2047",2024-07-18,2024,279,0.04,0.04
"2048",2024-07-18,2024,280,0.02,0.02
"2049",2024-07-18,2024,281,0.03,0.03
"2050",2024-07-18,2024,282,0.03,0.03
"2051",2024-07-18,2024,283,0.04,0.04
"2052",2024-07-18,2024,284,0.03,0.03
"2053",2024-07-18,2024,285,0.03,0.03
"2054",2024-07-18,2024,286,0.05,0.05
"2055",2024-07-18,2024,287,0.03,0.03
"2056",2024-07-18,2024,288,0.03,0.03
"2057",2024-07-18,2024,289,0.04,0.04
"2058",2024-07-18,2024,290,0.02,0.02
"2059",2024-07-18,2024,291,0.03,0.03
"2060",2024-07-18,2024,292,0.03,0.03
"2061",2024-07-18,2024,293,0.04,0.04
"2062",2024-07-18,2024,294,0.04,0.04
"2063",2024-07-18,2024,295,0.04,0.04
"2064",2024-07-18,2024,296,0.04,0.04
"2065",2024-07-18,2024,297,0.04,0.04
"2066",2024-07-18,2024,298,0.04,0.04
"2067",2024-07-18,2024,299,0.04,0.04
"2068",2024-07-18,2024,300,0.07,0.07
"2069",2024-07-18,2024,301,0.05,0.05
"2070",2024-07-18,2024,302,0.04,0.04
"2071",2024-07-18,2024,303,0.03,0.03
"2072",2024-07-18,2024,304,0.03,0.03
"2073",2024-07-18,2024,305,0.05,0.05
"2074",2024-07-18,2024,306,0.07,0.07
"2075",2024-07-18,2024,307,0.04,0.04
"2076",2024-07-18,2024,308,0.03,0.03
"2077",2024-07-18,2024,309,0.04,0.04
"2078",2024-07-18,2024,310,0.06,0.06
"2079",2024-07-18,2024,311,0.05,0.05
"2080",2024-07-18,2024,312,0.04,0.04
"2081",2024-07-18,2024,313,0.04,0.04
"2082",2024-07-18,2024,314,0.04,0.04
"2083",2024-07-18,2024,315,0.07,0.07
"2084",2024-07-18,2024,316,0.13,0.13
"2085",2024-07-18,2024,317,0.15,0.15
"2086",2024-07-18,2024,318,0.12,0.12
"2087",2024-07-18,2024,319,0.06,0.06
"2088",2024-07-18,2024,320,0.16,0.16
"2089",2024-07-18,2024,321,0.13,0.13
"2090",2024-07-18,2024,322,0.08,0.08
"2091",2024-07-18,2024,323,0.07,0.07
"2092",2024-07-18,2024,324,0.06,0.06
"2093",2024-07-18,2024,325,0.08,0.08
"2094",2024-07-18,2024,326,0.05,0.05
"2095",2024-07-18,2024,327,0.07,0.07
"2096",2024-07-18,2024,328,0.06,0.06
"2097",2024-07-18,2024,329,0.06,0.06
"2098",2024-07-18,2024,330,0.06,0.06
"2099",2024-07-18,2024,331,0.05,0.05
"2100",2024-07-18,2024,332,0.05,0.05
"2101",2024-07-18,2024,333,0.07,0.07
"2102",2024-07-18,2024,334,0.07,0.07
"2103",2024-07-18,2024,335,0.05,0.05
"2104",2024-07-18,2024,336,0.06,0.06
"2105",2024-07-18,2024,337,0.06,0.06
"2106",2024-07-18,2024,338,0.06,0.06
"2107",2024-07-18,2024,339,0.08,0.08
"2108",2024-07-18,2024,340,0.08,0.08
"2109",2024-09-21,2024,2,1.75,1.75
"2110",2024-09-21,2024,3,1.46,1.46
"2111",2024-09-21,2024,4,1.49,1.49
"2112",2024-09-21,2024,5,1.61,1.61
"2113",2024-09-21,2024,6,1.63,1.63
"2114",2024-09-21,2024,7,1.63,1.63
"2115",2024-09-21,2024,8,1.82,1.82
"2116",2024-09-21,2024,9,1.72,1.72
"2117",2024-09-21,2024,10,1.74,1.74
"2118",2024-09-21,2024,11,1.72,1.72
"2119",2024-09-21,2024,12,1.63,1.63
"2120",2024-09-21,2024,13,1.65,1.65
"2121",2024-09-21,2024,14,1.57,1.57
"2122",2024-09-21,2024,15,1.63,1.63
"2123",2024-09-21,2024,16,1.42,1.42
"2124",2024-09-21,2024,17,1.13,1.13
"2125",2024-09-21,2024,18,1.15,1.15
"2126",2024-09-21,2024,19,1.19,1.19
"2127",2024-09-21,2024,20,1.12,1.12
"2128",2024-09-21,2024,21,1.18,1.18
"2129",2024-09-21,2024,22,1.02,1.02
"2130",2024-09-21,2024,23,1.08,1.08
"2131",2024-09-21,2024,24,1.12,1.12
"2132",2024-09-21,2024,25,1.27,1.27
"2133",2024-09-21,2024,26,1.2,1.2
"2134",2024-09-21,2024,27,1.14,1.14
"2135",2024-09-21,2024,28,1.15,1.15
"2136",2024-09-21,2024,29,1.09,1.09
"2137",2024-09-21,2024,30,1.12,1.12
"2138",2024-09-21,2024,31,0.88,0.88
"2139",2024-09-21,2024,32,0.89,0.89
"2140",2024-09-21,2024,33,0.91,0.91
"2141",2024-09-21,2024,34,0.96,0.96
"2142",2024-09-21,2024,35,0.69,0.69
"2143",2024-09-21,2024,36,0.42,0.42
"2144",2024-09-21,2024,37,0.37,0.37
"2145",2024-09-21,2024,38,0.5,0.5
"2146",2024-09-21,2024,39,0.44,0.44
"2147",2024-09-21,2024,40,0.26,0.26
"2148",2024-09-21,2024,41,0.28,0.28
"2149",2024-09-21,2024,42,0.24,0.24
"2150",2024-09-21,2024,43,0.26,0.26
"2151",2024-09-21,2024,44,0.24,0.24
"2152",2024-09-21,2024,45,0.25,0.25
"2153",2024-09-21,2024,46,0.25,0.25
"2154",2024-09-21,2024,47,0.24,0.24
"2155",2024-09-21,2024,48,0.29,0.29
"2156",2024-09-21,2024,49,0.3,0.3
"2157",2024-09-21,2024,50,0.22,0.22
"2158",2024-09-21,2024,51,0.15,0.15
"2159",2024-09-21,2024,52,0.17,0.17
"2160",2024-09-21,2024,53,0.18,0.18
"2161",2024-09-21,2024,54,0.16,0.16
"2162",2024-09-21,2024,55,0.16,0.16
"2163",2024-09-21,2024,56,0.17,0.17
"2164",2024-09-21,2024,57,0.18,0.18
"2165",2024-09-21,2024,58,0.16,0.16
"2166",2024-09-21,2024,59,0.16,0.16
"2167",2024-09-21,2024,60,0.17,0.17
"2168",2024-09-21,2024,61,0.16,0.16
"2169",2024-09-21,2024,62,0.13,0.13
"2170",2024-09-21,2024,63,0.16,0.16
"2171",2024-09-21,2024,64,0.14,0.14
"2172",2024-09-21,2024,65,0.12,0.12
"2173",2024-09-21,2024,66,0.11,0.11
"2174",2024-09-21,2024,67,0.13,0.13
"2175",2024-09-21,2024,68,0.12,0.12
"2176",2024-09-21,2024,69,0.12,0.12
"2177",2024-09-21,2024,70,0.1,0.1
"2178",2024-09-21,2024,71,0.12,0.12
"2179",2024-09-21,2024,72,0.09,0.09
"2180",2024-09-21,2024,73,0.08,0.08
"2181",2024-09-21,2024,74,0.09,0.09
"2182",2024-09-21,2024,75,0.07,0.07
"2183",2024-09-21,2024,76,0.1,0.1
"2184",2024-09-21,2024,77,0.07,0.07
"2185",2024-09-21,2024,78,0.08,0.08
"2186",2024-09-21,2024,79,0.07,0.07
"2187",2024-09-21,2024,80,0.07,0.07
"2188",2024-09-21,2024,81,0.06,0.06
"2189",2024-09-21,2024,82,0.05,0.05
"2190",2024-09-21,2024,83,0.1,0.1
"2191",2024-09-21,2024,84,0.07,0.07
"2192",2024-09-21,2024,85,0.06,0.06
"2193",2024-09-21,2024,86,0.06,0.06
"2194",2024-09-21,2024,87,0.08,0.08
"2195",2024-09-21,2024,88,0.05,0.05
"2196",2024-09-21,2024,89,0.05,0.05
"2197",2024-09-21,2024,90,0.05,0.05
"2198",2024-09-21,2024,91,0.06,0.06
"2199",2024-09-21,2024,92,0.04,0.04
"2200",2024-09-21,2024,93,0.05,0.05
"2201",2024-09-21,2024,94,0.03,0.03
"2202",2024-09-21,2024,95,0.03,0.03
"2203",2024-09-21,2024,96,0.02,0.02
"2204",2024-09-21,2024,97,0.02,0.02
"2205",2024-09-21,2024,98,0.03,0.03
"2206",2024-09-21,2024,99,0.03,0.03
"2207",2024-09-21,2024,100,0.03,0.03
"2208",2024-09-21,2024,101,0.04,0.04
"2209",2024-09-21,2024,102,0.03,0.03
"2210",2024-09-21,2024,103,0.03,0.03
"2211",2024-09-21,2024,104,0.05,0.05
"2212",2024-09-21,2024,105,0.08,0.08
"2213",2024-09-21,2024,106,0.03,0.03
"2214",2024-09-21,2024,107,0.02,0.02
"2215",2024-09-21,2024,108,0.02,0.02
"2216",2024-09-21,2024,109,0.03,0.03
"2217",2024-09-21,2024,110,0.02,0.02
"2218",2024-09-21,2024,111,0.02,0.02
"2219",2024-09-21,2024,112,0.01,0.01
"2220",2024-09-21,2024,113,0.02,0.02
"2221",2024-09-21,2024,114,0.02,0.02
"2222",2024-09-21,2024,115,0.02,0.02
"2223",2024-09-21,2024,116,0.03,0.03
"2224",2024-09-21,2024,117,0.03,0.03
"2225",2024-09-21,2024,118,0.02,0.02
"2226",2024-09-21,2024,119,0.02,0.02
"2227",2024-09-21,2024,120,0.01,0.01
"2228",2024-09-21,2024,121,0.02,0.02
"2229",2024-09-21,2024,122,0.01,0.01
"2230",2024-09-21,2024,123,0.03,0.03
"2231",2024-09-21,2024,124,0.02,0.02
"2232",2024-09-21,2024,125,0.01,0.01
"2233",2024-09-21,2024,126,0.02,0.02
"2234",2024-09-21,2024,127,0.01,0.01
"2235",2024-09-21,2024,128,0.01,0.01
"2236",2024-09-21,2024,129,0.01,0.01
"2237",2024-09-21,2024,130,0.02,0.02
"2238",2024-09-21,2024,131,0.02,0.02
"2239",2024-09-21,2024,132,0.01,0.01
"2240",2024-09-21,2024,133,0.01,0.01
"2241",2024-09-21,2024,134,0,0
"2242",2024-09-21,2024,135,0.01,0.01
"2243",2024-09-21,2024,136,0.01,0.01
"2244",2024-09-21,2024,137,0.01,0.01
"2245",2024-09-21,2024,138,0.01,0.01
"2246",2024-09-21,2024,139,0.01,0.01
"2247",2024-09-21,2024,140,0.01,0.01
"2248",2024-09-21,2024,141,0.01,0.01
"2249",2024-09-21,2024,142,0.01,0.01
"2250",2024-09-21,2024,143,0.01,0.01
"2251",2024-09-21,2024,144,0.02,0.02
"2252",2024-09-21,2024,145,0,0
"2253",2024-09-21,2024,146,0,0
"2254",2024-09-21,2024,147,0.01,0.01
"2255",2024-09-21,2024,148,0.01,0.01
"2256",2024-09-21,2024,149,0.01,0.01
"2257",2024-09-21,2024,150,0.01,0.01
"2258",2024-09-21,2024,151,0.01,0.01
"2259",2024-09-21,2024,152,0.01,0.01
"2260",2024-09-21,2024,153,0.01,0.01
"2261",2024-09-21,2024,154,0.01,0.01
"2262",2024-09-21,2024,155,0.01,0.01
"2263",2024-09-21,2024,156,0.01,0.01
"2264",2024-09-21,2024,157,0.01,0.01
"2265",2024-09-21,2024,158,0.01,0.01
"2266",2024-09-21,2024,159,0.01,0.01
"2267",2024-09-21,2024,160,0.01,0.01
"2268",2024-09-21,2024,161,0.01,0.01
"2269",2024-09-21,2024,162,0.01,0.01
"2270",2024-09-21,2024,163,0.01,0.01
"2271",2024-09-21,2024,164,0.01,0.01
"2272",2024-09-21,2024,165,0.01,0.01
"2273",2024-09-21,2024,166,0,0
"2274",2024-09-21,2024,167,0.01,0.01
"2275",2024-09-21,2024,168,0.01,0.01
"2276",2024-09-21,2024,169,0,0
"2277",2024-09-21,2024,170,0.01,0.01
"2278",2024-09-21,2024,171,0.01,0.01
"2279",2024-09-21,2024,172,0.01,0.01
"2280",2024-09-21,2024,173,0.01,0.01
"2281",2024-09-21,2024,174,0.01,0.01
"2282",2024-09-21,2024,175,0,0
"2283",2024-09-21,2024,176,0.01,0.01
"2284",2024-09-21,2024,177,0.01,0.01
"2285",2024-09-21,2024,178,0.01,0.01
"2286",2024-09-21,2024,179,0.01,0.01
"2287",2024-09-21,2024,180,0,0
"2288",2024-09-21,2024,181,0,0
"2289",2024-09-21,2024,182,0.01,0.01
"2290",2024-09-21,2024,183,0.01,0.01
"2291",2024-09-21,2024,184,0.01,0.01
"2292",2024-09-21,2024,185,0.01,0.01
"2293",2024-09-21,2024,186,0.01,0.01
"2294",2024-09-21,2024,187,0.01,0.01
"2295",2024-09-21,2024,188,0,0
"2296",2024-09-21,2024,189,0.01,0.01
"2297",2024-09-21,2024,190,0.01,0.01
"2298",2024-09-21,2024,191,0,0
"2299",2024-09-21,2024,192,0.01,0.01
"2300",2024-09-21,2024,193,0.01,0.01
"2301",2024-09-21,2024,194,0,0
"2302",2024-09-21,2024,195,0.01,0.01
"2303",2024-09-21,2024,196,0,0
"2304",2024-09-21,2024,197,0.01,0.01
"2305",2024-09-21,2024,198,0.01,0.01
"2306",2024-09-21,2024,199,0.01,0.01
"2307",2024-09-21,2024,200,0.01,0.01
"2308",2024-09-21,2024,201,0.01,0.01
"2309",2024-09-21,2024,202,0.01,0.01
"2310",2024-09-21,2024,203,0.01,0.01
"2311",2024-09-21,2024,204,0,0
"2312",2024-09-21,2024,205,0,0
"2313",2024-09-21,2024,206,0.01,0.01
"2314",2024-09-21,2024,207,0,0
"2315",2024-09-21,2024,208,0.01,0.01
"2316",2024-09-21,2024,209,0,0
"2317",2024-09-21,2024,210,0,0
"2318",2024-09-21,2024,211,0.01,0.01
"2319",2024-09-21,2024,212,0.01,0.01
"2320",2024-09-21,2024,213,0.01,0.01
"2321",2024-09-21,2024,214,0,0
"2322",2024-09-21,2024,215,0,0
"2323",2024-09-21,2024,216,0.01,0.01
"2324",2024-09-21,2024,217,0,0
"2325",2024-09-21,2024,218,0.02,0.02
"2326",2024-09-21,2024,219,0,0
"2327",2024-09-21,2024,220,0.01,0.01
"2328",2024-09-21,2024,221,0.01,0.01
"2329",2024-09-21,2024,222,0.01,0.01
"2330",2024-09-21,2024,223,0.01,0.01
"2331",2024-09-21,2024,224,0,0
"2332",2024-09-21,2024,225,0,0
"2333",2024-09-21,2024,226,0,0
"2334",2024-09-21,2024,227,0,0
"2335",2024-09-21,2024,228,0.07,0.07
"2336",2024-09-21,2024,229,0.01,0.01
"2337",2024-09-21,2024,230,0.01,0.01
"2338",2024-09-21,2024,231,0,0
"2339",2024-09-21,2024,232,0,0
"2340",2024-09-21,2024,233,0.01,0.01
"2341",2024-09-21,2024,234,0,0
"2342",2024-09-21,2024,235,0.01,0.01
"2343",2024-09-21,2024,236,0.01,0.01
"2344",2024-09-21,2024,237,0,0
"2345",2024-09-21,2024,238,0,0
"2346",2024-09-21,2024,239,0,0
"2347",2024-09-21,2024,240,0,0
"2348",2024-09-21,2024,241,0,0
"2349",2024-09-21,2024,242,0,0
"2350",2024-09-21,2024,243,0,0
"2351",2024-09-21,2024,244,0,0
"2352",2024-09-21,2024,245,0,0
"2353",2024-09-21,2024,246,0,0
"2354",2024-09-21,2024,247,0,0
"2355",2024-09-21,2024,248,0,0
"2356",2024-09-21,2024,249,0,0
"2357",2024-09-21,2024,250,0,0
"2358",2024-09-21,2024,251,0,0
"2359",2024-09-21,2024,252,0,0
"2360",2024-09-21,2024,253,0,0
"2361",2024-09-21,2024,254,0.01,0.01
"2362",2024-09-21,2024,255,0.03,0.03
"2363",2024-09-21,2024,256,0,0
"2364",2024-09-21,2024,257,0,0
"2365",2024-09-21,2024,258,0.01,0.01
"2366",2024-09-21,2024,259,0.01,0.01
"2367",2024-09-21,2024,260,0,0
"2368",2024-09-21,2024,261,0,0
"2369",2024-09-21,2024,262,0.01,0.01
"2370",2024-09-21,2024,263,0,0
"2371",2024-09-21,2024,264,0,0
"2372",2024-09-21,2024,265,0,0
"2373",2024-09-21,2024,266,0,0
"2374",2024-09-21,2024,267,0,0
"2375",2024-09-21,2024,268,0.01,0.01
"2376",2024-09-21,2024,269,0.01,0.01
"2377",2024-09-21,2024,270,0,0
"2378",2024-09-21,2024,271,0,0
"2379",2024-09-21,2024,272,0,0
"2380",2024-09-21,2024,273,0,0
"2381",2024-09-21,2024,274,0,0
"2382",2024-09-21,2024,275,0,0
"2383",2024-09-21,2024,276,0.01,0.01
"2384",2024-09-21,2024,277,0,0
"2385",2024-09-21,2024,278,0,0
"2386",2024-09-21,2024,279,0,0
"2387",2024-09-21,2024,280,0,0
"2388",2024-09-21,2024,281,0,0
"2389",2024-09-21,2024,282,0,0
"2390",2024-09-21,2024,283,0.01,0.01
"2391",2024-09-21,2024,284,0,0
"2392",2024-09-21,2024,285,0,0
"2393",2024-09-21,2024,286,0,0
"2394",2024-09-21,2024,287,0.01,0.01
"2395",2024-09-21,2024,288,0.01,0.01
"2396",2024-09-21,2024,289,0.01,0.01
"2397",2024-09-21,2024,290,0,0
"2398",2024-09-21,2024,291,0.01,0.01
"2399",2024-09-21,2024,292,0.01,0.01
"2400",2024-09-21,2024,293,0.02,0.02
"2401",2024-09-21,2024,294,0.02,0.02
"2402",2024-09-21,2024,295,0.01,0.01
"2403",2024-09-21,2024,296,0,0
"2404",2024-09-21,2024,297,0,0
"2405",2024-09-21,2024,298,0,0
"2406",2024-09-21,2024,299,0.01,0.01
"2407",2024-09-21,2024,300,0,0
"2408",2024-09-21,2024,301,0,0
"2409",2024-09-21,2024,302,0.01,0.01
"2410",2024-09-21,2024,303,0.01,0.01
"2411",2024-09-21,2024,304,0.01,0.01
"2412",2024-09-21,2024,305,0,0
"2413",2024-09-21,2024,306,0.01,0.01
"2414",2024-09-21,2024,307,0,0
"2415",2024-09-21,2024,308,0,0
"2416",2024-09-21,2024,309,0,0
"2417",2024-09-21,2024,310,0.01,0.01
"2418",2024-09-21,2024,311,0,0
"2419",2024-09-21,2024,312,0,0
"2420",2024-09-21,2024,313,0.01,0.01
"2421",2024-09-21,2024,314,0.02,0.02
"2422",2024-09-21,2024,315,0.01,0.01
"2423",2024-09-21,2024,316,0.01,0.01
"2424",2024-09-21,2024,317,0.01,0.01
"2425",2024-09-21,2024,318,0.01,0.01
"2426",2024-09-21,2024,319,0.01,0.01
"2427",2024-09-21,2024,320,0.01,0.01
"2428",2024-09-21,2024,321,0.01,0.01
"2429",2024-09-21,2024,322,0.01,0.01
"2430",2024-09-21,2024,323,0.01,0.01
"2431",2024-09-21,2024,324,0.01,0.01
"2432",2024-09-21,2024,325,0.01,0.01
"2433",2024-09-21,2024,326,0.01,0.01
"2434",2024-09-21,2024,327,0.01,0.01
"2435",2024-09-21,2024,328,0.01,0.01
"2436",2024-09-21,2024,329,0.01,0.01
"2437",2024-09-21,2024,330,0.01,0.01
"2438",2024-09-21,2024,331,0.02,0.02
"2439",2024-09-21,2024,332,0.02,0.02
"2440",2024-09-21,2024,333,0.02,0.02
"2441",2024-09-21,2024,334,0.01,0.01
"2442",2024-09-21,2024,335,0.01,0.01
"2443",2024-09-21,2024,336,0.01,0.01
"2444",2024-09-21,2024,337,0.01,0.01
"2445",2024-09-21,2024,338,0.01,0.01
"2446",2024-09-21,2024,339,0.01,0.01
"2447",2024-09-21,2024,340,0.02,0.02
"2448",2024-09-21,2024,341,0.01,0.01
"2449",2024-09-21,2024,342,0.01,0.01
"2450",2024-09-21,2024,343,0.01,0.01
"2451",2024-09-21,2024,344,0.01,0.01
"2452",2024-09-21,2024,345,0.02,0.02
"2453",2024-09-21,2024,346,0.01,0.01
"2454",2024-09-21,2024,347,0.02,0.02
"2455",2024-09-21,2024,348,0.02,0.02
"2456",2024-09-21,2024,349,0.02,0.02
"2457",2024-09-21,2024,350,0.02,0.02
"2458",2024-09-21,2024,351,0.02,0.02
"2459",2024-09-21,2024,352,0.02,0.02
"2460",2024-09-21,2024,353,0.02,0.02
"2461",2024-11-17,2024,1,0.15,0.15
"2462",2024-11-17,2024,2,0.15,0.15
"2463",2024-11-17,2024,3,0.14,0.14
"2464",2024-11-17,2024,4,0.13,0.13
"2465",2024-11-17,2024,5,0.12,0.12
"2466",2024-11-17,2024,6,0.11,0.11
"2467",2024-11-17,2024,7,0.11,0.11
"2468",2024-11-17,2024,8,0.11,0.11
"2469",2024-11-17,2024,9,0.13,0.13
"2470",2024-11-17,2024,10,0.11,0.11
"2471",2024-11-17,2024,11,0.11,0.11
"2472",2024-11-17,2024,12,0.11,0.11
"2473",2024-11-17,2024,13,0.11,0.11
"2474",2024-11-17,2024,14,0.11,0.11
"2475",2024-11-17,2024,15,0.11,0.11
"2476",2024-11-17,2024,16,0.09,0.09
"2477",2024-11-17,2024,17,0.1,0.1
"2478",2024-11-17,2024,18,0.1,0.1
"2479",2024-11-17,2024,19,0.1,0.1
"2480",2024-11-17,2024,20,0.1,0.1
"2481",2024-11-17,2024,21,0.1,0.1
"2482",2024-11-17,2024,22,0.1,0.1
"2483",2024-11-17,2024,23,0.09,0.09
"2484",2024-11-17,2024,24,0.09,0.09
"2485",2024-11-17,2024,25,0.09,0.09
"2486",2024-11-17,2024,26,0.09,0.09
"2487",2024-11-17,2024,27,0.09,0.09
"2488",2024-11-17,2024,28,0.09,0.09
"2489",2024-11-17,2024,29,0.1,0.1
"2490",2024-11-17,2024,30,0.1,0.1
"2491",2024-11-17,2024,31,0.09,0.09
"2492",2024-11-17,2024,32,0.1,0.1
"2493",2024-11-17,2024,33,0.09,0.09
"2494",2024-11-17,2024,34,0.11,0.11
"2495",2024-11-17,2024,35,0.1,0.1
"2496",2024-11-17,2024,36,0.1,0.1
"2497",2024-11-17,2024,37,0.09,0.09
"2498",2024-11-17,2024,38,0.09,0.09
"2499",2024-11-17,2024,39,0.1,0.1
"2500",2024-11-17,2024,40,0.09,0.09
"2501",2024-11-17,2024,41,0.1,0.1
"2502",2024-11-17,2024,42,0.09,0.09
"2503",2024-11-17,2024,43,0.09,0.09
"2504",2024-11-17,2024,44,0.1,0.1
"2505",2024-11-17,2024,45,0.1,0.1
"2506",2024-11-17,2024,46,0.09,0.09
"2507",2024-11-17,2024,47,0.08,0.08
"2508",2024-11-17,2024,48,0.08,0.08
"2509",2024-11-17,2024,49,0.07,0.07
"2510",2024-11-17,2024,50,0.08,0.08
"2511",2024-11-17,2024,51,0.08,0.08
"2512",2024-11-17,2024,52,0.08,0.08
"2513",2024-11-17,2024,53,0.08,0.08
"2514",2024-11-17,2024,54,0.08,0.08
"2515",2024-11-17,2024,55,0.08,0.08
"2516",2024-11-17,2024,56,0.08,0.08
"2517",2024-11-17,2024,57,0.08,0.08
"2518",2024-11-17,2024,58,0.08,0.08
"2519",2024-11-17,2024,59,0.08,0.08
"2520",2024-11-17,2024,60,0.07,0.07
"2521",2024-11-17,2024,61,0.08,0.08
"2522",2024-11-17,2024,62,0.07,0.07
"2523",2024-11-17,2024,63,0.06,0.06
"2524",2024-11-17,2024,64,0.05,0.05
"2525",2024-11-17,2024,65,0.05,0.05
"2526",2024-11-17,2024,66,0.06,0.06
"2527",2024-11-17,2024,67,0.04,0.04
"2528",2024-11-17,2024,68,0.04,0.04
"2529",2024-11-17,2024,69,0.04,0.04
"2530",2024-11-17,2024,70,0.04,0.04
"2531",2024-11-17,2024,71,0.04,0.04
"2532",2024-11-17,2024,72,0.04,0.04
"2533",2024-11-17,2024,73,0.04,0.04
"2534",2024-11-17,2024,74,0.04,0.04
"2535",2024-11-17,2024,75,0.03,0.03
"2536",2024-11-17,2024,76,0.03,0.03
"2537",2024-11-17,2024,77,0.03,0.03
"2538",2024-11-17,2024,78,0.03,0.03
"2539",2024-11-17,2024,79,0.03,0.03
"2540",2024-11-17,2024,80,0.02,0.02
"2541",2024-11-17,2024,81,0.02,0.02
"2542",2024-11-17,2024,82,0.02,0.02
"2543",2024-11-17,2024,83,0.01,0.01
"2544",2024-11-17,2024,84,0.02,0.02
"2545",2024-11-17,2024,85,0.01,0.01
"2546",2024-11-17,2024,86,0.02,0.02
"2547",2024-11-17,2024,87,0.01,0.01
"2548",2024-11-17,2024,88,0.01,0.01
"2549",2024-11-17,2024,89,0.01,0.01
"2550",2024-11-17,2024,90,0.01,0.01
"2551",2024-11-17,2024,91,0.01,0.01
"2552",2024-11-17,2024,92,0.01,0.01
"2553",2024-11-17,2024,93,0.01,0.01
"2554",2024-11-17,2024,94,0.01,0.01
"2555",2024-11-17,2024,95,0.01,0.01
"2556",2024-11-17,2024,96,0.01,0.01
"2557",2024-11-17,2024,97,0.01,0.01
"2558",2024-11-17,2024,98,0.01,0.01
"2559",2024-11-17,2024,99,0.01,0.01
"2560",2024-11-17,2024,100,0.01,0.01
"2561",2024-11-17,2024,101,0.01,0.01
"2562",2024-11-17,2024,102,0.01,0.01
"2563",2024-11-17,2024,103,0.01,0.01
"2564",2024-11-17,2024,104,0.01,0.01
"2565",2024-11-17,2024,105,0.01,0.01
"2566",2024-11-17,2024,106,0.01,0.01
"2567",2024-11-17,2024,107,0.01,0.01
"2568",2024-11-17,2024,108,0.01,0.01
"2569",2024-11-17,2024,109,0.01,0.01
"2570",2024-11-17,2024,110,0.01,0.01
"2571",2024-11-17,2024,111,0.01,0.01
"2572",2024-11-17,2024,112,0.01,0.01
"2573",2024-11-17,2024,113,0.01,0.01
"2574",2024-11-17,2024,114,0.01,0.01
"2575",2024-11-17,2024,115,0.01,0.01
"2576",2024-11-17,2024,116,0.01,0.01
"2577",2024-11-17,2024,117,0.01,0.01
"2578",2024-11-17,2024,118,0.01,0.01
"2579",2024-11-17,2024,119,0.01,0.01
"2580",2024-11-17,2024,120,0.01,0.01
"2581",2024-11-17,2024,121,0.01,0.01
"2582",2024-11-17,2024,122,0.01,0.01
"2583",2024-11-17,2024,123,0.01,0.01
"2584",2024-11-17,2024,124,0.01,0.01
"2585",2024-11-17,2024,125,0.01,0.01
"2586",2024-11-17,2024,126,0.01,0.01
"2587",2024-11-17,2024,127,0.01,0.01
"2588",2024-11-17,2024,128,0.01,0.01
"2589",2024-11-17,2024,129,0,0
"2590",2024-11-17,2024,130,0.01,0.01
"2591",2024-11-17,2024,131,0.01,0.01
"2592",2024-11-17,2024,132,0.01,0.01
"2593",2024-11-17,2024,133,0.01,0.01
"2594",2024-11-17,2024,134,0.01,0.01
"2595",2024-11-17,2024,135,0.01,0.01
"2596",2024-11-17,2024,136,0,0
"2597",2024-11-17,2024,137,0.01,0.01
"2598",2024-11-17,2024,138,0,0
"2599",2024-11-17,2024,139,0,0
"2600",2024-11-17,2024,140,0.01,0.01
"2601",2024-11-17,2024,141,0,0
"2602",2024-11-17,2024,142,0.01,0.01
"2603",2024-11-17,2024,143,0,0
"2604",2024-11-17,2024,144,0,0
"2605",2024-11-17,2024,145,0,0
"2606",2024-11-17,2024,146,0.01,0.01
"2607",2024-11-17,2024,147,0,0
"2608",2024-11-17,2024,148,0,0
"2609",2024-11-17,2024,149,0,0
"2610",2024-11-17,2024,150,0,0
"2611",2024-11-17,2024,151,0,0
"2612",2024-11-17,2024,152,0,0
"2613",2024-11-17,2024,153,0,0
"2614",2024-11-17,2024,154,0,0
"2615",2024-11-17,2024,155,0,0
"2616",2024-11-17,2024,156,0,0
"2617",2024-11-17,2024,157,0,0
"2618",2024-11-17,2024,158,0,0
"2619",2024-11-17,2024,159,0,0
"2620",2024-11-17,2024,160,0.01,0.01
"2621",2024-11-17,2024,161,0,0
"2622",2024-11-17,2024,162,0,0
"2623",2024-11-17,2024,163,0,0
"2624",2024-11-17,2024,164,0,0
"2625",2024-11-17,2024,165,0,0
"2626",2024-11-17,2024,166,0,0
"2627",2024-11-17,2024,167,0,0
"2628",2024-11-17,2024,168,0,0
"2629",2024-11-17,2024,169,0,0
"2630",2024-11-17,2024,170,0,0
"2631",2024-11-17,2024,171,0,0
"2632",2024-11-17,2024,172,0,0
"2633",2024-11-17,2024,173,0,0
"2634",2024-11-17,2024,174,0,0
"2635",2024-11-17,2024,175,0,0
"2636",2024-11-17,2024,176,0,0
"2637",2024-11-17,2024,177,0,0
"2638",2024-11-17,2024,178,0,0
"2639",2024-11-17,2024,179,0,0
"2640",2024-11-17,2024,180,0,0
"2641",2024-11-17,2024,181,0,0
"2642",2024-11-17,2024,182,0,0
"2643",2024-11-17,2024,183,0,0
"2644",2024-11-17,2024,184,0,0
"2645",2024-11-17,2024,185,0,0
"2646",2024-11-17,2024,186,0,0
"2647",2024-11-17,2024,187,0,0
"2648",2024-11-17,2024,188,0,0
"2649",2024-11-17,2024,189,0,0
"2650",2024-11-17,2024,190,0,0
"2651",2024-11-17,2024,191,0,0
"2652",2024-11-17,2024,192,0,0
"2653",2024-11-17,2024,193,0,0
"2654",2024-11-17,2024,194,0,0
"2655",2024-11-17,2024,195,0,0
"2656",2024-11-17,2024,196,0,0
"2657",2024-11-17,2024,197,0.01,0.01
"2658",2024-11-17,2024,198,0,0
"2659",2024-11-17,2024,199,0,0
"2660",2024-11-17,2024,200,0,0
"2661",2024-11-17,2024,201,0,0
"2662",2024-11-17,2024,202,0,0
"2663",2024-11-17,2024,203,0,0
"2664",2024-11-17,2024,204,0,0
"2665",2024-11-17,2024,205,0,0
"2666",2024-11-17,2024,206,0,0
"2667",2024-11-17,2024,207,0,0
"2668",2024-11-17,2024,208,0,0
"2669",2024-11-17,2024,209,0,0
"2670",2024-11-17,2024,210,0,0
"2671",2024-11-17,2024,211,0,0
"2672",2024-11-17,2024,212,0,0
"2673",2024-11-17,2024,213,0,0
"2674",2024-11-17,2024,214,0,0
"2675",2024-11-17,2024,215,0,0
"2676",2024-11-17,2024,216,0,0
"2677",2024-11-17,2024,217,0,0
"2678",2024-11-17,2024,218,0,0
"2679",2024-11-17,2024,219,0,0
"2680",2024-11-17,2024,220,0,0
"2681",2024-11-17,2024,221,0,0
"2682",2024-11-17,2024,222,0,0
"2683",2024-11-17,2024,223,0,0
"2684",2024-11-17,2024,224,0,0
"2685",2024-11-17,2024,225,0,0
"2686",2024-11-17,2024,226,0,0
"2687",2024-11-17,2024,227,0,0
"2688",2024-11-17,2024,228,0,0
"2689",2024-11-17,2024,229,0,0
"2690",2024-11-17,2024,230,0,0
"2691",2024-11-17,2024,231,0,0
"2692",2024-11-17,2024,232,0,0
"2693",2024-11-17,2024,233,0,0
"2694",2024-11-17,2024,234,0,0
"2695",2024-11-17,2024,235,0,0
"2696",2024-11-17,2024,236,0,0
"2697",2024-11-17,2024,237,0,0
"2698",2024-11-17,2024,238,0,0
"2699",2024-11-17,2024,239,0,0
"2700",2024-11-17,2024,240,0,0
"2701",2024-11-17,2024,241,0,0
"2702",2024-11-17,2024,242,0,0
"2703",2024-11-17,2024,243,0,0
"2704",2024-11-17,2024,244,0,0
"2705",2024-11-17,2024,245,0,0
"2706",2024-11-17,2024,246,0,0
"2707",2024-11-17,2024,247,0,0
"2708",2024-11-17,2024,248,0,0
"2709",2024-11-17,2024,249,0,0
"2710",2024-11-17,2024,250,0,0
"2711",2024-11-17,2024,251,0,0
"2712",2024-11-17,2024,252,0,0
"2713",2024-11-17,2024,253,0,0
"2714",2024-11-17,2024,254,0,0
"2715",2024-11-17,2024,255,0,0
"2716",2024-11-17,2024,256,0,0
"2717",2024-11-17,2024,257,0,0
"2718",2024-11-17,2024,258,0,0
"2719",2024-11-17,2024,259,0,0
"2720",2024-11-17,2024,260,0,0
"2721",2024-11-17,2024,261,0,0
"2722",2024-11-17,2024,262,0,0
"2723",2024-11-17,2024,263,0,0
"2724",2024-11-17,2024,264,0,0
"2725",2024-11-17,2024,265,0,0
"2726",2024-11-17,2024,266,0,0
"2727",2024-11-17,2024,267,0,0
"2728",2024-11-17,2024,268,0,0
"2729",2024-11-17,2024,269,0,0
"2730",2024-11-17,2024,270,0,0
"2731",2024-11-17,2024,271,0,0
"2732",2024-11-17,2024,272,0,0
"2733",2024-11-17,2024,273,0,0
"2734",2024-11-17,2024,274,0,0
"2735",2024-11-17,2024,275,0,0
"2736",2024-11-17,2024,276,0,0
"2737",2024-11-17,2024,277,0,0
"2738",2024-11-17,2024,278,0,0
"2739",2024-11-17,2024,279,0,0
"2740",2024-11-17,2024,280,0,0
"2741",2024-11-17,2024,281,0,0
"2742",2024-11-17,2024,282,0,0
"2743",2024-11-17,2024,283,0,0
"2744",2024-11-17,2024,284,0,0
"2745",2024-11-17,2024,285,0,0
"2746",2024-11-17,2024,286,0,0
"2747",2024-11-17,2024,287,0,0
"2748",2024-11-17,2024,288,0,0
"2749",2024-11-17,2024,289,0,0
"2750",2024-11-17,2024,290,0,0
"2751",2024-11-17,2024,291,0,0
"2752",2024-11-17,2024,292,0,0
"2753",2024-11-17,2024,293,0,0
"2754",2024-11-17,2024,294,0,0
"2755",2024-11-17,2024,295,0,0
"2756",2024-11-17,2024,296,0,0
"2757",2024-11-17,2024,297,0,0
"2758",2024-11-17,2024,298,0,0
"2759",2024-11-17,2024,299,0,0
"2760",2024-11-17,2024,300,0,0
"2761",2024-11-17,2024,301,0,0
"2762",2024-11-17,2024,302,0,0
"2763",2024-11-17,2024,303,0,0
"2764",2024-11-17,2024,304,0,0
"2765",2024-11-17,2024,305,0,0
"2766",2024-11-17,2024,306,0,0
"2767",2024-11-17,2024,307,0,0
"2768",2024-11-17,2024,308,0,0
"2769",2024-11-17,2024,309,0,0
"2770",2024-11-17,2024,310,0,0
"2771",2024-11-17,2024,311,0,0
"2772",2024-11-17,2024,312,0,0
"2773",2024-11-17,2024,313,0,0
"2774",2024-11-17,2024,314,0,0
"2775",2024-11-17,2024,315,0,0
"2776",2024-11-17,2024,316,0,0
"2777",2024-11-17,2024,317,0,0
"2778",2024-11-17,2024,318,0,0
"2779",2024-11-17,2024,319,0,0
"2780",2024-11-17,2024,320,0,0
"2781",2024-11-17,2024,321,0,0
"2782",2024-11-17,2024,322,0,0
"2783",2024-11-17,2024,323,0,0
"2784",2024-11-17,2024,324,0,0
"2785",2024-11-17,2024,325,0,0
"2786",2024-11-17,2024,326,0,0
"2787",2024-11-17,2024,327,0,0
"2788",2024-11-17,2024,328,0,0
"2789",2024-11-17,2024,329,0,0
"2790",2024-11-17,2024,330,0,0
"2791",2024-11-17,2024,331,0,0
"2792",2024-11-17,2024,332,0,0
"2793",2024-11-17,2024,333,0,0
"2794",2024-11-17,2024,334,0,0
"2795",2024-11-17,2024,335,0,0
"2796",2024-11-17,2024,336,0,0
"2797",2024-11-17,2024,337,0,0
"2798",2024-11-17,2024,338,0,0
"2799",2024-11-17,2024,339,0,0
"2800",2024-11-17,2024,340,0,0
"2801",2024-11-17,2024,341,0,0
"2802",2024-11-17,2024,342,0,0
"2803",2024-11-17,2024,343,0,0
"2804",2024-11-17,2024,344,0,0
"2805",2024-11-17,2024,345,0,0
"2806",2024-11-17,2024,346,0,0
"2807",2024-11-17,2024,347,0,0
"2808",2024-11-17,2024,348,0,0
"2809",2024-11-17,2024,349,0,0
"2810",2024-11-17,2024,350,0,0
"2811",2024-11-17,2024,351,0,0
"2812",2024-11-17,2024,352,0,0
"2813",2024-11-17,2024,353,0,0
"2814",2024-11-17,2024,354,0,0
"2815",2024-11-17,2024,355,0,0
"2816",2024-11-17,2024,356,0,0
"2817",2024-11-17,2024,357,0,0
"2818",2024-11-17,2024,358,0,0
"2819",2024-11-17,2024,359,0,0
